organism,plastic,thermophilic,seq_length,mol_weight,isoelectric_pt,instability_idx,gravy,aromaticity,predicted_stable
Ralstonia pickettii,PHB,,492,51149.765700000076,6.57510051727295,23.17829268292682,-0.12560975609756098,0.10569105691056911,True
Ralstonia pickettii,PHA,,492,51149.765700000076,6.57510051727295,23.17829268292682,-0.12560975609756098,0.10569105691056911,True
Pseudomonas fluorescens,PHO,False,278,30267.0955,6.279594612121582,37.585971223021566,0.050359712230215924,0.12589928057553956,True
Pseudomonas fluorescens,PHA,False,278,30267.0955,6.279594612121582,37.585971223021566,0.050359712230215924,0.12589928057553956,True
Paucimonas lemoignei,PHB,False,433,44933.806500000064,8.12767429351807,21.17279445727481,-0.2295612009237877,0.09930715935334873,True
Paucimonas lemoignei,PHA,False,433,44933.806500000064,8.12767429351807,21.17279445727481,-0.2295612009237877,0.09930715935334873,True
Paucimonas lemoignei,PHB,False,414,43495.23329999998,8.490051078796387,23.18915458937199,-0.14734299516908222,0.09903381642512077,True
Paucimonas lemoignei,PHA,False,414,43495.23329999998,8.490051078796387,23.18915458937199,-0.14734299516908222,0.09903381642512077,True
Paucimonas lemoignei,PHB,False,433,45632.274200000014,7.569555473327638,29.676951501154743,-0.250577367205543,0.09930715935334873,True
Paucimonas lemoignei,PHA,False,433,45632.274200000014,7.569555473327638,29.676951501154743,-0.250577367205543,0.09930715935334873,True
Paucimonas lemoignei,PHB,False,567,59495.88510000021,8.7015718460083,25.146031746031735,-0.1347442680776014,0.08289241622574955,True
Paucimonas lemoignei,PHA,False,567,59495.88510000021,8.7015718460083,25.146031746031735,-0.1347442680776014,0.08289241622574955,True
Paucimonas lemoignei,PHB,False,419,43905.64880000007,7.011794471740722,25.44393794749403,-0.1677804295942722,0.10023866348448687,True
Paucimonas lemoignei,PHA,False,419,43905.64880000007,7.011794471740722,25.44393794749403,-0.1677804295942722,0.10023866348448687,True
Fusarium verticillioides,PCL,False,231,23931.720199999992,7.678402137756348,20.668831168831154,-0.02683982683982683,0.06493506493506493,True
Fusarium verticillioides,PCL,False,231,24015.793599999994,6.821099662780762,22.703896103896085,-0.05497835497835494,0.06493506493506493,True
Pseudomonas sp.,PVA,False,639,68048.40710000019,8.391414451599122,32.91173708920189,-0.197026604068858,0.08450704225352113,True
Comamonas acidovorans,PHB,False,494,51018.529200000106,8.192078208923341,25.9477935222672,0.015789473684210423,0.0931174089068826,True
Comamonas acidovorans,PHA,False,494,51018.529200000106,8.192078208923341,25.9477935222672,0.015789473684210423,0.0931174089068826,True
Alcaligenes faecalis,PHB,False,635,65211.35960000034,4.17910976409912,30.160314960629925,-0.14944881889763775,0.08031496062992127,True
Alcaligenes faecalis,PHA,False,635,65211.35960000034,4.17910976409912,30.160314960629925,-0.14944881889763775,0.08031496062992127,True
Comamonas acidovorans,PU,False,548,57827.63460000012,6.451873588562011,41.154379562043815,-0.023905109489051092,0.08759124087591241,False
Acidovorax sp.,PHB,False,491,50961.50700000007,8.519964408874515,27.45908350305498,-0.029735234215886124,0.09572301425661915,True
Acidovorax sp.,PPL,False,491,50961.50700000007,8.519964408874515,27.45908350305498,-0.029735234215886124,0.09572301425661915,True
Acidovorax sp.,PHA,False,491,50961.50700000007,8.519964408874515,27.45908350305498,-0.029735234215886124,0.09572301425661915,True
Comamonas acidovorans,P3HP,False,494,51018.529200000106,8.192078208923341,25.9477935222672,0.015789473684210423,0.0931174089068826,True
Comamonas acidovorans,P4HB,False,494,51018.529200000106,8.192078208923341,25.9477935222672,0.015789473684210423,0.0931174089068826,True
Comamonas acidovorans,PEA,False,494,51018.529200000106,8.192078208923341,25.9477935222672,0.015789473684210423,0.0931174089068826,True
Comamonas acidovorans,PES,False,494,51018.529200000106,8.192078208923341,25.9477935222672,0.015789473684210423,0.0931174089068826,True
Comamonas acidovorans,PHB,False,494,51018.529200000106,8.192078208923341,25.9477935222672,0.015789473684210423,0.0931174089068826,True
Comamonas acidovorans,PHA,False,494,51018.529200000106,8.192078208923341,25.9477935222672,0.015789473684210423,0.0931174089068826,True
Pseudomonas chlororaphis,PU,False,617,64822.31760000019,4.643143272399903,28.28560777957858,-0.208914100486224,0.09562398703403566,True
Comamonas testosteroni,PHB,False,513,53161.984900000076,8.218252372741702,33.40179337231969,-0.18499025341130623,0.09941520467836257,True
Comamonas testosteroni,PHA,False,513,53161.984900000076,8.218252372741702,33.40179337231969,-0.18499025341130623,0.09941520467836257,True
Stutzerimonas stutzeri,P3HP,False,576,61746.52670000019,5.49101047515869,40.5868055555556,-0.31354166666666683,0.09895833333333334,False
Stutzerimonas stutzeri,P4HB,False,576,61746.52670000019,5.49101047515869,40.5868055555556,-0.31354166666666683,0.09895833333333334,False
Stutzerimonas stutzeri,PEA,False,576,61746.52670000019,5.49101047515869,40.5868055555556,-0.31354166666666683,0.09895833333333334,False
Stutzerimonas stutzeri,PES,False,576,61746.52670000019,5.49101047515869,40.5868055555556,-0.31354166666666683,0.09895833333333334,False
Stutzerimonas stutzeri,PHB,False,576,61746.52670000019,5.49101047515869,40.5868055555556,-0.31354166666666683,0.09895833333333334,False
Stutzerimonas stutzeri,PHB,False,576,61746.52670000019,5.49101047515869,40.5868055555556,-0.31354166666666683,0.09895833333333334,False
Ralstonia pickettii,P3HP,False,488,49934.636100000076,7.081422233581542,21.222377049180338,-0.021311475409836016,0.09836065573770492,True
Ralstonia pickettii,P4HB,False,488,49934.636100000076,7.081422233581542,21.222377049180338,-0.021311475409836016,0.09836065573770492,True
Ralstonia pickettii,PEA,False,488,49934.636100000076,7.081422233581542,21.222377049180338,-0.021311475409836016,0.09836065573770492,True
Ralstonia pickettii,PES,False,488,49934.636100000076,7.081422233581542,21.222377049180338,-0.021311475409836016,0.09836065573770492,True
Ralstonia pickettii,PHB,False,488,49934.636100000076,7.081422233581542,21.222377049180338,-0.021311475409836016,0.09836065573770492,True
Ralstonia pickettii,PHA,False,488,49934.636100000076,7.081422233581542,21.222377049180338,-0.021311475409836016,0.09836065573770492,True
Pseudomonas chlororaphis,PU,False,617,64822.31760000019,4.643143272399903,28.28560777957858,-0.208914100486224,0.09562398703403566,True
Pseudomonas sp.,O-PVA,False,379,40612.161900000036,7.596553993225098,31.132453825857542,-0.30079155672823243,0.09498680738786279,True
Pseudomonas sp.,PVA,False,639,68048.40710000019,8.391414451599122,32.91173708920189,-0.197026604068858,0.08450704225352113,True
Pseudomonas chlororaphis,PU,False,567,60050.47270000009,5.581441307067871,31.508130511463836,-0.26278659611992977,0.09171075837742504,True
Acidovorax delafieldii,PBS,False,304,32754.225700000017,9.618634605407713,47.973388157894725,-0.33782894736842123,0.08881578947368421,False
Caldimonas manganoxidans,PHB,True,495,51860.23470000009,8.374652671813966,32.84303030303032,-0.1743434343434346,0.09898989898989899,True
Caldimonas manganoxidans,PHA,True,495,51860.23470000009,8.374652671813966,32.84303030303032,-0.1743434343434346,0.09898989898989899,True
Marinobacter sp.,PHB,,578,61757.77020000026,4.466942405700683,33.86453287197232,-0.39480968858131504,0.09515570934256055,True
Marinobacter sp.,PHA,,578,61757.77020000026,4.466942405700683,33.86453287197232,-0.39480968858131504,0.09515570934256055,True
Paenibacillus amylolyticus,PLA,False,201,21660.812100000014,9.513937950134277,31.097014925373124,0.20298507462686574,0.05970149253731343,True
Azospirillum brasilense,PHB,False,603,65204.72350000022,8.810394477844238,47.136019900497594,-0.19535655058043175,0.06301824212271974,False
Azospirillum brasilense,PHA,False,603,65204.72350000022,8.810394477844238,47.136019900497594,-0.19535655058043175,0.06301824212271974,False
Schlegelella thermodepolymerans,P(3HB-co-3MP),False,492,51779.33010000008,9.467069435119633,25.7489837398374,-0.191666666666667,0.09349593495934959,True
Schlegelella thermodepolymerans,PHA,False,492,51779.33010000008,9.467069435119633,25.7489837398374,-0.191666666666667,0.09349593495934959,True
Schlegelella sp.,PHB,True,492,51779.33010000008,9.467069435119633,25.7489837398374,-0.191666666666667,0.09349593495934959,True
Schlegelella sp.,PHA,True,492,51779.33010000008,9.467069435119633,25.7489837398374,-0.191666666666667,0.09349593495934959,True
Schlegelella sp.,PHB,True,492,51779.33010000008,9.467069435119633,25.7489837398374,-0.191666666666667,0.09349593495934959,True
Schlegelella sp.,PHA,True,492,51779.33010000008,9.467069435119633,25.7489837398374,-0.191666666666667,0.09349593495934959,True
Sphingomonas macrogoltabidus,PEG,False,553,60915.63850000014,8.185566902160645,35.46186256781193,-0.30831826401446644,0.08499095840867993,True
Sphingomonas sp.,O-PVA,False,364,39400.28640000002,8.712724876403808,37.20082417582419,-0.34505494505494533,0.10164835164835165,True
Sphingomonas sp.,PVA,False,654,69485.47070000031,6.191721534729004,25.364067278287447,-0.2051987767584101,0.09174311926605505,True
Streptomyces sp.,PEG,False,467,49284.983800000104,4.752501487731934,35.850749464668084,0.0115631691648822,0.06852248394004283,True
Pseudomonas alcaligenes,PCL,False,276,30226.046599999998,6.177682304382324,38.481884057970994,0.06521739130434781,0.14855072463768115,True
Pseudomonas alcaligenes,PHA,False,276,30226.046599999998,6.177682304382324,38.481884057970994,0.06521739130434781,0.14855072463768115,True
Pseudomonas alcaligenes,PHBV,False,276,30226.046599999998,6.177682304382324,38.481884057970994,0.06521739130434781,0.14855072463768115,True
Pseudomonas alcaligenes,PHPV,False,276,30226.046599999998,6.177682304382324,38.481884057970994,0.06521739130434781,0.14855072463768115,True
Cryptococcus sp.,PBS,False,238,24188.65619999998,6.390885353088379,24.914705882352933,0.03445378151260505,0.06722689075630252,True
Cryptococcus sp.,PCL,False,238,24188.65619999998,6.390885353088379,24.914705882352933,0.03445378151260505,0.06722689075630252,True
Cryptococcus sp.,PHB,False,238,24188.65619999998,6.390885353088379,24.914705882352933,0.03445378151260505,0.06722689075630252,True
Cryptococcus sp.,PLA,False,238,24188.65619999998,6.390885353088379,24.914705882352933,0.03445378151260505,0.06722689075630252,True
Cryptococcus sp.,PHA,False,238,24188.65619999998,6.390885353088379,24.914705882352933,0.03445378151260505,0.06722689075630252,True
Priestia megaterium,PHB,True,590,62305.53170000021,5.0845548629760735,32.48779661016948,-0.2047457627118646,0.09661016949152541,True
Priestia megaterium,PHA,True,590,62305.53170000021,5.0845548629760735,32.48779661016948,-0.2047457627118646,0.09661016949152541,True
Pseudomonas chlororaphis,PU,False,616,64723.1866000002,4.643143272399903,28.31529220779218,-0.21607142857142875,0.09577922077922077,True
Agromyces sp.,Nylon,False,306,31947.49150000002,5.261551475524903,33.845098039215685,0.03300653594771253,0.07516339869281047,True
Agromyces sp.,Nylon,False,392,42664.834900000074,4.622169685363769,37.54795918367346,-0.3109693877551025,0.08163265306122448,True
Agromyces sp.,Nylon,False,392,42903.25530000006,4.856175804138183,34.75127551020407,-0.32142857142857195,0.08163265306122448,True
Pseudomonas chlororaphis,PU,False,567,60050.47270000009,5.581441307067871,31.508130511463836,-0.26278659611992977,0.09171075837742504,True
Uncultured bacterium,PLA,False,283,31479.30630000001,5.800953483581543,33.695088339222615,-0.1763250883392227,0.0989399293286219,True
Uncultured bacterium,PBS,False,283,31449.21420000001,5.800953483581543,33.695088339222615,-0.18551236749116617,0.0989399293286219,True
Uncultured bacterium,PBSA,False,283,31449.21420000001,5.800953483581543,33.695088339222615,-0.18551236749116617,0.0989399293286219,True
Uncultured bacterium,PCL,False,283,31449.21420000001,5.800953483581543,33.695088339222615,-0.18551236749116617,0.0989399293286219,True
Uncultured bacterium,PES,False,283,31449.21420000001,5.800953483581543,33.695088339222615,-0.18551236749116617,0.0989399293286219,True
Uncultured bacterium,PHB,False,283,31449.21420000001,5.800953483581543,33.695088339222615,-0.18551236749116617,0.0989399293286219,True
Uncultured bacterium,PHA,False,283,31449.21420000001,5.800953483581543,33.695088339222615,-0.18551236749116617,0.0989399293286219,True
Uncultured bacterium,PBS,False,338,37653.41139999998,7.859034538269044,39.26689349112423,-0.3491124260355035,0.09171597633136094,True
Uncultured bacterium,PBSA,False,338,37653.41139999998,7.859034538269044,39.26689349112423,-0.3491124260355035,0.09171597633136094,True
Uncultured bacterium,PCL,False,338,37653.41139999998,7.859034538269044,39.26689349112423,-0.3491124260355035,0.09171597633136094,True
Uncultured bacterium,PES,False,338,37653.41139999998,7.859034538269044,39.26689349112423,-0.3491124260355035,0.09171597633136094,True
Uncultured bacterium,PLA,False,338,37653.41139999998,7.859034538269044,39.26689349112423,-0.3491124260355035,0.09171597633136094,True
Uncultured bacterium,PHA,False,338,37653.41139999998,7.859034538269044,39.26689349112423,-0.3491124260355035,0.09171597633136094,True
Uncultured bacterium,PBS,True,431,48854.74650000003,7.826864814758301,31.33320185614847,-0.45127610208816743,0.12296983758700696,True
Uncultured bacterium,PBSA,True,431,48854.74650000003,7.826864814758301,31.33320185614847,-0.45127610208816743,0.12296983758700696,True
Uncultured bacterium,PCL,True,431,48854.74650000003,7.826864814758301,31.33320185614847,-0.45127610208816743,0.12296983758700696,True
Uncultured bacterium,PES,True,431,48854.74650000003,7.826864814758301,31.33320185614847,-0.45127610208816743,0.12296983758700696,True
Uncultured bacterium,PHB,True,431,48854.74650000003,7.826864814758301,31.33320185614847,-0.45127610208816743,0.12296983758700696,True
Uncultured bacterium,PLA,True,431,48854.74650000003,7.826864814758301,31.33320185614847,-0.45127610208816743,0.12296983758700696,True
Uncultured bacterium,PHA,True,431,48854.74650000003,7.826864814758301,31.33320185614847,-0.45127610208816743,0.12296983758700696,True
Uncultured bacterium,PLA,False,419,47173.51760000003,6.706739616394043,32.553723150357975,-0.4954653937947498,0.11933174224343676,True
Pseudomonas aeruginosa,PBSA,False,240,24600.2235,5.882005882263183,17.78416666666665,0.11833333333333355,0.0625,True
Diaphorobacter sp.,PHB,False,506,52141.00010000009,7.524425315856934,35.26345849802371,-0.14407114624505948,0.09881422924901187,True
Diaphorobacter sp.,PHBV,False,506,52141.00010000009,7.524425315856934,35.26345849802371,-0.14407114624505948,0.09881422924901187,True
Diaphorobacter sp.,PHA,False,506,52141.00010000009,7.524425315856934,35.26345849802371,-0.14407114624505948,0.09881422924901187,True
Thermobifida alba,PCL,True,296,31786.26410000003,6.21673069000244,40.299695945945935,-0.21722972972972981,0.0777027027027027,False
Thermobifida alba,PCL,True,300,32352.998900000017,6.971950340270996,39.351033333333305,-0.2170000000000001,0.08333333333333333,True
Burkholderia cepacia,PBSA,False,370,38113.431499999984,6.432093620300292,22.922432432432426,0.15081081081081044,0.07027027027027027,True
Thermobifida fusca,PET,False,262,28499.74610000001,7.0187288284301745,37.530190839694654,-0.2442748091603055,0.08778625954198474,True
Thermobifida cellulosilytica,PET,False,261,28415.54510000002,6.967346382141113,36.41536398467432,-0.30268199233716503,0.09578544061302682,True
Thermobifida cellulosilytica,PET,False,261,28192.305200000013,6.3011365890502935,34.80501915708811,-0.2390804597701149,0.08812260536398467,True
Rhodospirillum rubrum,PHB,False,373,38614.04680000004,6.829113960266113,38.465415549597836,-0.2415549597855235,0.05898123324396783,True
Rhodospirillum rubrum,PHA,False,373,38614.04680000004,6.829113960266113,38.465415549597836,-0.2415549597855235,0.05898123324396783,True
Pseudomonas sp.,PE,False,108,12615.33449999999,7.391535758972168,48.24166666666664,0.13055555555555554,0.16666666666666669,False
Bdellovibrio bacteriovorus,PHA,False,271,29830.15249999999,6.303182792663575,39.48638376383766,0.057564575645756365,0.1070110701107011,True
Pseudomonas mendocina,PHB,False,576,61730.50580000019,5.409276008605956,42.628125000000054,-0.3059027777777779,0.09722222222222224,False
Pseudomonas mendocina,PHA,False,576,61730.50580000019,5.409276008605956,42.628125000000054,-0.3059027777777779,0.09722222222222224,False
Streptomyces ascomycinicus,PHB,False,519,53862.21560000014,6.049396705627441,23.217533718689793,-0.13622350674373826,0.08670520231213873,True
Streptomyces ascomycinicus,PHA,False,519,53862.21560000014,6.049396705627441,23.217533718689793,-0.13622350674373826,0.08670520231213873,True
Pseudozyma antarctica,PBS-Blend,False,290,29777.524199999978,5.3999544143676745,27.913448275862073,-0.3393103448275865,0.013793103448275864,True
Pseudozyma antarctica,PBSA-Blend,False,290,29777.524199999978,5.3999544143676745,27.913448275862073,-0.3393103448275865,0.013793103448275864,True
Streptomyces thermoviolaceus,PCL,False,269,28766.539099999976,5.7522993087768555,33.673271375464694,-0.2665427509293681,0.10780669144981414,True
Paracoccus denitrificans,PHB,False,275,30071.773100000017,5.025555992126464,45.44509090909091,-0.13018181818181823,0.07272727272727272,False
Paracoccus denitrificans,PHA,False,275,30071.773100000017,5.025555992126464,45.44509090909091,-0.13018181818181823,0.07272727272727272,False
Paracoccus denitrificans,P3HV,False,260,27341.060899999997,5.737009620666504,27.433846153846147,0.13692307692307698,0.05384615384615385,True
Paracoccus denitrificans,PHBV,False,260,27341.060899999997,5.737009620666504,27.433846153846147,0.13692307692307698,0.05384615384615385,True
Paracoccus denitrificans,PHA,False,260,27341.060899999997,5.737009620666504,27.433846153846147,0.13692307692307698,0.05384615384615385,True
Bacillus thuringiensis,PHB,False,305,34778.35760000003,5.063012886047362,38.84360655737707,-0.2259016393442623,0.09180327868852459,True
Bacillus thuringiensis,PHA,False,305,34778.35760000003,5.063012886047362,38.84360655737707,-0.2259016393442623,0.09180327868852459,True
Thermobifida fusca,PET,,454,47598.43420000003,8.279239463806153,31.44977973568282,0.09933920704845824,0.10132158590308368,True
Saccharomonospora viridis,PBAT,False,304,32968.80880000001,6.3472898483276365,32.90003289473684,-0.24506578947368435,0.08881578947368421,True
Saccharomonospora viridis,PBS,False,304,32968.80880000001,6.3472898483276365,32.90003289473684,-0.24506578947368435,0.08881578947368421,True
Saccharomonospora viridis,PBSA,False,304,32968.80880000001,6.3472898483276365,32.90003289473684,-0.24506578947368435,0.08881578947368421,True
Saccharomonospora viridis,PCL,False,304,32968.80880000001,6.3472898483276365,32.90003289473684,-0.24506578947368435,0.08881578947368421,True
Saccharomonospora viridis,PET,False,304,32968.80880000001,6.3472898483276365,32.90003289473684,-0.24506578947368435,0.08881578947368421,True
Saccharomonospora viridis,PHB,False,304,32968.80880000001,6.3472898483276365,32.90003289473684,-0.24506578947368435,0.08881578947368421,True
Saccharomonospora viridis,PLA,False,304,32968.80880000001,6.3472898483276365,32.90003289473684,-0.24506578947368435,0.08881578947368421,True
Saccharomonospora viridis,PHA,False,304,32968.80880000001,6.3472898483276365,32.90003289473684,-0.24506578947368435,0.08881578947368421,True
Fusarium oxysporum,PCL,False,226,23093.6459,7.7403566360473635,17.72522123893804,-0.0840707964601769,0.05752212389380531,True
Fusarium oxysporum,PET,False,226,23093.6459,7.7403566360473635,17.72522123893804,-0.0840707964601769,0.05752212389380531,True
Saccharomonospora viridis,PET,,304,32968.80880000001,6.3472898483276365,32.90003289473684,-0.24506578947368435,0.08881578947368421,True
Saccharomonospora viridis,PHA,,304,32968.80880000001,6.3472898483276365,32.90003289473684,-0.24506578947368435,0.08881578947368421,True
Saccharomonospora viridis,PBAT,,304,32968.80880000001,6.3472898483276365,32.90003289473684,-0.24506578947368435,0.08881578947368421,True
Saccharomonospora viridis,PBS,,304,32968.80880000001,6.3472898483276365,32.90003289473684,-0.24506578947368435,0.08881578947368421,True
Saccharomonospora viridis,PBSA,,304,32968.80880000001,6.3472898483276365,32.90003289473684,-0.24506578947368435,0.08881578947368421,True
Saccharomonospora viridis,PCL,,304,32968.80880000001,6.3472898483276365,32.90003289473684,-0.24506578947368435,0.08881578947368421,True
Saccharomonospora viridis,PHB,,304,32968.80880000001,6.3472898483276365,32.90003289473684,-0.24506578947368435,0.08881578947368421,True
Saccharomonospora viridis,PLA,,304,32968.80880000001,6.3472898483276365,32.90003289473684,-0.24506578947368435,0.08881578947368421,True
Clostridium botulinum,PBAT,False,420,46866.99510000003,5.332941246032715,38.854071428571416,-0.549761904761905,0.09285714285714286,True
Clostridium botulinum,PBAT,False,432,48075.461700000065,6.072587013244628,27.37523148148147,-0.4393518518518526,0.10648148148148148,True
Clostridium hathewayi,PBAT,False,414,45655.28670000003,5.336237907409667,40.493743961352656,-0.2475845410628025,0.11352657004830918,False
Pelosinus fermentans,PBAT,False,402,44564.448000000004,6.205135536193848,20.718905472636813,-0.3325870646766172,0.11194029850746268,True
Pseudomonas protegens,PU,False,617,64938.563500000186,4.677360343933105,27.280097244732552,-0.1996758508914105,0.0972447325769854,True
Pseudomonas protegens,PU,False,561,59093.84430000011,4.580449867248535,26.21144385026735,-0.1869875222816403,0.09982174688057041,True
Ideonella sakaiensis,PET,False,290,30246.542900000015,9.654092216491701,39.50724137931033,-0.1672413793103448,0.07931034482758621,True
Ideonella sakaiensis,PET,False,603,63102.17150000028,5.176406669616698,34.5230679933665,-0.13482587064676632,0.08955223880597016,True
Uncultured bacterium,PBAT,False,295,30815.155100000033,7.0242422103881825,30.04444067796609,0.1576271186440674,0.07118644067796609,True
Uncultured bacterium,PBAT,False,384,40252.54239999998,5.135084724426269,37.254453125,0.08567708333333308,0.08333333333333334,True
Pseudomonas pseudoalcaligenes,PBAT,False,181,19119.690499999982,4.7564802169799805,39.72707182320442,0.12154696132596693,0.055248618784530384,True
Uncultured bacterium,PBAT,False,319,35799.39400000003,5.358802986145019,25.170846394984316,-0.11880877742946712,0.11285266457680251,True
Uncultured bacterium,PBAT,False,383,40305.684399999984,5.071538734436035,28.67234986945169,0.1020887728459527,0.08616187989556137,True
Uncultured bacterium,PBAT,False,305,32757.955400000013,6.245207023620606,29.13770491803279,-0.03737704918032787,0.09836065573770492,True
Uncultured bacterium,PBAT,False,408,44535.64660000005,6.035073280334472,31.700759803921564,-0.06421568627450984,0.09313725490196079,True
Fusarium solani,PMCL,False,200,20807.199199999992,8.40675792694092,21.06049999999999,-0.08199999999999993,0.065,True
Stenotrophomonas rhizophila,PVA,False,285,31353.46150000003,5.462363624572753,23.218245614035084,-0.047017543859649326,0.04912280701754386,True
Pseudomonas sp.,PU,,462,48893.37450000008,4.770348930358887,21.20696969696969,-0.19069264069264102,0.09956709956709957,True
Vibrio gazogenes,PCL,,298,32537.527100000014,8.106464195251466,31.532919463087246,-0.0768456375838926,0.11073825503355705,True
Vibrio gazogenes,PET,,298,32537.527100000014,8.106464195251466,31.532919463087246,-0.0768456375838926,0.11073825503355705,True
Ideonella sakaiensis,PEF,False,290,30246.542900000015,9.654092216491701,39.50724137931033,-0.1672413793103448,0.07931034482758621,True
Oleispira antarctica,PCL,,310,32623.01100000001,5.27928524017334,34.14648387096775,-0.16612903225806447,0.08387096774193549,True
Oleispira antarctica,PET,,310,32623.01100000001,5.27928524017334,34.14648387096775,-0.16612903225806447,0.08387096774193549,True
Uncultured bacterium,PCL,,308,32584.345299999997,5.602073860168456,40.10230519480518,-0.03668831168831171,0.09415584415584416,False
Uncultured bacterium,PET,,308,32584.345299999997,5.602073860168456,40.10230519480518,-0.03668831168831171,0.09415584415584416,False
Polyangium brachysporum,PCL,,298,31905.42710000003,9.373590278625485,48.37218120805368,-0.23255033557046983,0.087248322147651,False
Polyangium brachysporum,PET,,298,31905.42710000003,9.373590278625485,48.37218120805368,-0.23255033557046983,0.087248322147651,False
Aspergillus fumigatus,PBS,False,454,47598.43420000003,8.279239463806153,31.44977973568282,0.09933920704845824,0.10132158590308368,True
Aspergillus fumigatus,PCL,False,454,47598.43420000003,8.279239463806153,31.44977973568282,0.09933920704845824,0.10132158590308368,True
Aspergillus fumigatus,PES,False,454,47598.43420000003,8.279239463806153,31.44977973568282,0.09933920704845824,0.10132158590308368,True
Aspergillus fumigatus,PHB,False,454,47598.43420000003,8.279239463806153,31.44977973568282,0.09933920704845824,0.10132158590308368,True
Aspergillus fumigatus,PLA,False,454,47598.43420000003,8.279239463806153,31.44977973568282,0.09933920704845824,0.10132158590308368,True
Aspergillus fumigatus,PHA,False,454,47598.43420000003,8.279239463806153,31.44977973568282,0.09933920704845824,0.10132158590308368,True
Azotobacter vinelandii,PHB,False,914,101056.56630000065,5.519771003723143,57.13502188183835,-0.37035010940918967,0.07986870897155361,False
Azotobacter vinelandii,PHA,False,914,101056.56630000065,5.519771003723143,57.13502188183835,-0.37035010940918967,0.07986870897155361,False
Streptomyces sp.,PCL,False,284,30912.117500000004,7.075340461730956,34.955669014084506,-0.3415492957746482,0.0880281690140845,True
Pseudozyma antarctica,PBS,False,224,23076.702399999984,8.213997459411619,23.00223214285713,0.01294642857142857,0.07589285714285715,True
Pseudozyma antarctica,PBSA,False,224,23076.702399999984,8.213997459411619,23.00223214285713,0.01294642857142857,0.07589285714285715,True
Pseudozyma antarctica,PCL,False,224,23076.702399999984,8.213997459411619,23.00223214285713,0.01294642857142857,0.07589285714285715,True
Paenibacillus sp.,LDPE,False,126,14511.594399999993,9.74950542449951,37.230238095238086,0.023015873015872983,0.15873015873015872,True
Pseudomonas aestusnigri,PET,False,304,32307.734500000013,6.410437965393067,47.055296052631576,-0.17203947368421058,0.10197368421052631,False
Pseudomonas aestusnigri,PU,False,304,32307.734500000013,6.410437965393067,47.055296052631576,-0.17203947368421058,0.10197368421052631,False
Thermobifida fusca,PET,,261,28229.348600000016,6.66757755279541,37.28662835249042,-0.24367816091954037,0.08812260536398467,True
Thermobifida alba,PET,,262,28134.290700000012,6.589537620544434,37.16454198473282,-0.21679389312977115,0.08396946564885496,True
Thermobifida halotolerans,PET,,262,28686.398000000016,5.239838981628417,40.11263358778627,-0.4553435114503821,0.09541984732824428,False
Polyangium brachysporum,PET,,298,31905.42710000003,9.373590278625485,48.37218120805368,-0.23255033557046983,0.087248322147651,False
Thermomonospora curvata,PET,,289,31148.86990000002,9.323047065734862,37.38550173010381,-0.16020761245674742,0.08996539792387542,True
Acinetobacter johnsonii,PS,False,210,24317.48510000001,9.097149848937988,54.72623809523808,-0.4442857142857144,0.13333333333333333,False
Moniliophthora roreri,PES,False,203,21162.663799999995,5.473788261413574,43.34926108374384,0.11330049261083751,0.059113300492610835,False
Moniliophthora roreri,PCL,False,203,21162.663799999995,5.473788261413574,43.34926108374384,0.11330049261083751,0.059113300492610835,False
Moniliophthora roreri,PET,False,203,21162.663799999995,5.473788261413574,43.34926108374384,0.11330049261083751,0.059113300492610835,False
Streptomyces sp.,NR,False,407,44005.26230000003,6.727940559387207,33.446437346437335,0.0471744471744472,0.07371007371007371,True
Steroidobacter cummioxidans,NR,False,678,74681.4945000004,8.448211097717287,46.826991150442595,-0.32654867256637193,0.11209439528023599,False
Steroidobacter cummioxidans,NR,False,681,73750.0648000004,7.206297492980957,35.71207048458155,-0.30558002936857576,0.09544787077826725,True
Rhizobacter gummiphilus,NR,False,679,73992.48020000025,7.165259742736817,34.18751104565541,-0.33107511045655397,0.101620029455081,True
Pseudomonas oleovorans,PCL,False,302,32159.758600000005,6.190982627868652,37.81758278145696,-0.16456953642384106,0.07947019867549669,True
Pseudomonas oleovorans,PET,False,302,32159.758600000005,6.190982627868652,37.81758278145696,-0.16456953642384106,0.07947019867549669,True
Halopseudomonas pelagia,PET,False,307,32754.5248,6.295168495178221,36.42674267100977,-0.12964169381107496,0.08794788273615635,True
Pseudomonas mendocina,PET,False,258,27600.407799999986,8.96711711883545,43.83453488372092,-0.3868217054263567,0.10465116279069768,False
Humicola insolens,PET,False,194,20251.7086,8.429966545104982,31.270618556701024,-0.03350515463917525,0.061855670103092786,True
Fusarium solani,PET,False,230,23811.608099999994,6.58027286529541,24.237826086956503,0.007826086956521752,0.06521739130434782,True
Moesziomyces antarcticus,PET,False,342,35517.14780000002,8.12129192352295,40.246198830409355,0.12134502923976592,0.07017543859649124,False
Uncultured bacterium,PET,True,293,31378.08060000002,9.509489631652833,38.45941979522184,-0.032423208191126277,0.08873720136518772,True
Thermobifida fusca,PET,,301,32217.986100000027,7.821965217590333,38.53093023255813,-0.11960132890365446,0.07641196013289037,True
Thermobifida fusca,PET,,301,32217.986100000027,7.821965217590333,38.53093023255813,-0.11960132890365446,0.07641196013289037,True
Thermobifida fusca,PET,,301,32217.986100000027,7.821965217590333,38.53093023255813,-0.11960132890365446,0.07641196013289037,True
Thermobifida fusca,PET,,301,32502.35700000002,9.38725757598877,39.890398671096335,-0.18438538205980065,0.08637873754152822,True
Thermobifida fusca,PET,,301,32502.35700000002,9.38725757598877,39.890398671096335,-0.18438538205980065,0.08637873754152822,True
Thermobifida fusca,PET,,301,32502.35700000002,9.38725757598877,39.890398671096335,-0.18438538205980065,0.08637873754152822,True
Thermobifida fusca,PET,,301,32217.986100000027,7.821965217590333,38.53093023255813,-0.11960132890365446,0.07641196013289037,True
Thermobifida fusca,PET,,319,34421.471800000014,9.649579429626463,41.753949843260195,-0.24670846394984344,0.08150470219435738,False
Thermobifida fusca,PET,,319,34421.471800000014,9.649579429626463,41.753949843260195,-0.24670846394984344,0.08150470219435738,False
Thermobifida fusca,PET,,301,32217.986100000027,7.821965217590333,38.53093023255813,-0.11960132890365446,0.07641196013289037,True
Thermobifida cellulosilytica,PET,True,262,28305.462800000016,6.3011365890502935,36.3874427480916,-0.22099236641221376,0.08778625954198474,True
Thermobifida cellulosilytica,PLA,False,262,28305.462800000016,6.3011365890502935,36.3874427480916,-0.22099236641221376,0.08778625954198474,True
Thermobifida cellulosilytica,PET,True,262,28528.702700000016,6.967346382141113,36.31454198473282,-0.2843511450381682,0.09541984732824427,True
Thermobifida cellulosilytica,PLA,False,262,28528.702700000016,6.967346382141113,36.31454198473282,-0.2843511450381682,0.09541984732824427,True
Bacillus subtilis,PET,False,489,53941.31910000009,4.93080539703369,44.56300613496935,-0.26871165644171807,0.10020449897750511,False
Thermomonospora curvata,PET,False,292,31271.125500000027,8.503073692321777,34.8370205479452,-0.08253424657534249,0.08904109589041095,True
Thermomonospora curvata,PCL,False,292,31271.125500000027,8.503073692321777,34.8370205479452,-0.08253424657534249,0.08904109589041095,True
Uncultured bacterium,PET,,258,27827.655800000008,5.515394401550291,39.36670542635659,-0.2806201550387597,0.08527131782945738,True
Uncultured bacterium,PET,True,267,29023.959200000016,5.966582298278809,38.55659176029964,-0.3348314606741573,0.08239700374531836,True
Uncultured bacterium,PCL,True,267,29023.959200000016,5.966582298278809,38.55659176029964,-0.3348314606741573,0.08239700374531836,True
Uncultured bacterium,PET,True,260,28680.787500000024,8.412560081481935,43.02965384615385,-0.41961538461538467,0.09615384615384616,False
Uncultured bacterium,PET,True,260,28358.40510000003,8.53169765472412,45.34080769230769,-0.3511538461538462,0.09230769230769231,False
Uncultured bacterium,PET,True,259,28033.919900000004,5.519771003723143,37.15640926640927,-0.28648648648648656,0.08880308880308882,True
Uncultured bacterium,PET,True,257,27762.810000000005,5.711602592468262,34.63856031128404,-0.1945525291828792,0.10894941634241245,True
Uncultured bacterium,PET,True,257,27619.624800000005,5.700575828552247,33.23233463035018,-0.1894941634241244,0.10505836575875487,True
Uncultured bacterium,PET,True,257,27707.796100000003,5.700575828552247,36.121828793774306,-0.17743190661478583,0.10505836575875487,True
Aequorivita sp.,PET,True,364,39238.60830000003,4.612507057189941,33.065137362637365,-0.028846153846153886,0.09615384615384617,True
Aequorivita sp.,PU,True,364,39238.60830000003,4.612507057189941,33.065137362637365,-0.028846153846153886,0.09615384615384617,True
Aequorivita sp.,PCL,True,364,39238.60830000003,4.612507057189941,33.065137362637365,-0.028846153846153886,0.09615384615384617,True
Kaistella jeonii,PET,True,366,38878.855400000015,8.917540931701662,28.936639344262304,0.028142076502732326,0.07923497267759563,True
Kaistella jeonii,PU,True,366,38878.855400000015,8.917540931701662,28.936639344262304,0.028142076502732326,0.07923497267759563,True
Kaistella jeonii,PCL,True,366,38878.855400000015,8.917540931701662,28.936639344262304,0.028142076502732326,0.07923497267759563,True
Aequorivita viscosa,PU,False,365,39605.149900000004,4.292048835754395,34.22605479452055,0.0008219178082191862,0.09315068493150686,True
Aequorivita viscosa,PCL,False,365,39605.149900000004,4.292048835754395,34.22605479452055,0.0008219178082191862,0.09315068493150686,True
Aequorivita vladivostokensis,PU,False,365,39329.859500000006,4.53043155670166,25.120849315068504,-0.006027397260274039,0.09863013698630137,True
Aequorivita vladivostokensis,PCL,False,365,39329.859500000006,4.53043155670166,25.120849315068504,-0.006027397260274039,0.09863013698630137,True
Amycolatopsis orientalis,PLA,False,241,24211.83579999999,8.703183555603026,31.68838174273858,0.06473029045643156,0.049792531120331954,True
Amycolatopsis orientalis,PLA,False,176,17844.41719999998,9.459655570983887,14.943181818181818,-0.18409090909090917,0.09090909090909091,True
Alcanivorax borkumensis,PLA,False,305,32553.546600000016,9.66853313446045,33.30167213114755,0.06262295081967212,0.04918032786885246,True
Alcanivorax borkumensis,PHA,False,305,32553.546600000016,9.66853313446045,33.30167213114755,0.06262295081967212,0.04918032786885246,True
Alcanivorax borkumensis,PHBV,False,305,32553.546600000016,9.66853313446045,33.30167213114755,0.06262295081967212,0.04918032786885246,True
Alcanivorax borkumensis,PCL,False,305,32553.546600000016,9.66853313446045,33.30167213114755,0.06262295081967212,0.04918032786885246,True
Alcanivorax borkumensis,PBSA,False,305,32553.546600000016,9.66853313446045,33.30167213114755,0.06262295081967212,0.04918032786885246,True
Alcanivorax borkumensis,PES,False,305,32553.546600000016,9.66853313446045,33.30167213114755,0.06262295081967212,0.04918032786885246,True
Rhodopseudomonas palustris,PLA,False,295,31717.707899999994,9.510585594177247,47.90237288135594,0.19796610169491513,0.06440677966101695,False
Rhodopseudomonas palustris,PCL,False,295,31717.707899999994,9.510585594177247,47.90237288135594,0.19796610169491513,0.06440677966101695,False
Rhodopseudomonas palustris,PBSA,False,295,31717.707899999994,9.510585594177247,47.90237288135594,0.19796610169491513,0.06440677966101695,False
Uncultured bacterium,PCL,False,293,31495.12230000002,9.324143028259279,35.107883959044365,-0.04778156996587015,0.09556313993174062,True
Uncultured bacterium,PET,False,293,31495.12230000002,9.324143028259279,35.107883959044365,-0.04778156996587015,0.09556313993174062,True
Aspergillus oryzae,PBS,False,213,22263.165499999996,6.099699211120604,27.912676056338015,0.06150234741784041,0.05633802816901409,True
Aspergillus oryzae,PBSA,False,213,22263.165499999996,6.099699211120604,27.912676056338015,0.06150234741784041,0.05633802816901409,True
Aspergillus oryzae,PCL,False,197,20617.15609999999,5.393190574645996,23.05634517766495,-0.055329949238578556,0.06091370558375635,True
Aspergillus oryzae,PBSA,False,213,22263.165499999996,6.099699211120604,27.912676056338015,0.06150234741784041,0.05633802816901409,True
Talaromyces funiculosus,PHB,False,339,35612.2816,6.00006046295166,23.096460176991155,0.014749262536873177,0.11799410029498525,True
Talaromyces funiculosus,PHA,False,339,35612.2816,6.00006046295166,23.096460176991155,0.014749262536873177,0.11799410029498525,True
Talaromyces funiculosus,PHB,,339,35612.2816,6.00006046295166,23.096460176991155,0.014749262536873177,0.11799410029498525,True
Talaromyces funiculosus,PHA,,339,35612.2816,6.00006046295166,23.096460176991155,0.014749262536873177,0.11799410029498525,True
Pseudomonas fluorescens,PU,False,451,48186.96280000005,6.384917259216309,33.477206208425706,-0.276274944567628,0.08425720620842572,True
Pseudomonas fluorescens,PU,False,451,48186.96280000005,6.384917259216309,33.477206208425706,-0.276274944567628,0.08425720620842572,True
Agromyces sp.,Nylon,False,355,36890.93680000004,5.099389839172362,35.023098591549285,-0.003943661971830977,0.07042253521126761,True
Agromyces sp.,Nylon,False,355,36890.93680000004,5.099389839172362,35.023098591549285,-0.003943661971830977,0.07042253521126761,True
Parengyodontium album,PLA,,384,40299.57870000003,6.597551918029786,32.23984375,-0.12161458333333332,0.08072916666666666,True
Paucimonas lemoignei,PHB,False,380,40019.27240000007,8.66585636138916,21.32423684210526,-0.11552631578947381,0.13157894736842107,True
Paucimonas lemoignei,PHA,False,380,40019.27240000007,8.66585636138916,21.32423684210526,-0.11552631578947381,0.13157894736842107,True
Delftia acidovorans,PHB,False,734,76206.6129000003,7.185323905944825,28.525749318801083,-0.0761580381471393,0.07220708446866485,True
Delftia acidovorans,PHA,False,734,76206.6129000003,7.185323905944825,28.525749318801083,-0.0761580381471393,0.07220708446866485,True
Pseudomonas sp.,Nylon,False,493,52239.642800000074,5.282525062561034,38.52413793103447,-0.03448275862068967,0.058823529411764705,True
Lederbergia lenta,PLA,False,269,26698.16279999999,9.302675056457517,25.452416356877322,-0.03568773234200739,0.0446096654275093,True
Lederbergia lenta,PLA,False,269,26823.33449999999,9.302159309387207,25.221561338289952,-0.05018587360594796,0.0446096654275093,True
Bacillus licheniformis,PLA,False,379,38866.38070000004,8.71678638458252,12.829050131926115,0.039577836411609536,0.07124010554089709,True
Alcanivorax borkumensis,PLA,False,318,35058.73770000003,4.926428794860839,27.607861635220125,0.0040880503144654235,0.08176100628930817,True
Alcanivorax borkumensis,PCL,False,318,35058.73770000003,4.926428794860839,27.607861635220125,0.0040880503144654235,0.08176100628930817,True
Alcanivorax borkumensis,PBSA,False,318,35058.73770000003,4.926428794860839,27.607861635220125,0.0040880503144654235,0.08176100628930817,True
Uncultured bacterium,PLA,False,314,34973.87920000003,6.79904613494873,49.61022292993628,-0.03216560509554136,0.08917197452229299,False
Uncultured bacterium,PCL,False,314,34973.87920000003,6.79904613494873,49.61022292993628,-0.03216560509554136,0.08917197452229299,False
Uncultured bacterium,PBSA,False,314,34973.87920000003,6.79904613494873,49.61022292993628,-0.03216560509554136,0.08917197452229299,False
Alcanivorax borkumensis,PLA,False,505,54607.03570000018,4.736188697814941,39.06415841584159,-0.08316831683168315,0.09900990099009901,True
Alcanivorax borkumensis,PBSA,False,505,54607.03570000018,4.736188697814941,39.06415841584159,-0.08316831683168315,0.09900990099009901,True
Uncultured bacterium,PLA,False,414,45811.5315000001,5.411151695251465,26.799758454106286,-0.21690821256038695,0.10144927536231883,True
Uncultured bacterium,PLA,False,390,42256.21680000004,4.9420595169067365,39.99333333333332,-0.22538461538461577,0.07692307692307693,True
Moraxella sp.,PET,False,319,34623.2212,8.97317714691162,29.014137931034476,-0.15141065830720996,0.0877742946708464,True
Moraxella sp.,PCL,False,319,34623.2212,8.97317714691162,29.014137931034476,-0.15141065830720996,0.0877742946708464,True
Moraxella sp.,PET,False,319,34623.2212,8.97317714691162,29.014137931034476,-0.15141065830720996,0.0877742946708464,True
Moraxella sp.,PU,False,319,34623.2212,8.97317714691162,29.014137931034476,-0.15141065830720996,0.0877742946708464,True
Moraxella sp.,PCL,False,319,34623.2212,8.97317714691162,29.014137931034476,-0.15141065830720996,0.0877742946708464,True
Moraxella sp.,PHB,False,319,34623.2212,8.97317714691162,29.014137931034476,-0.15141065830720996,0.0877742946708464,True
Moraxella sp.,PBS,False,319,34623.2212,8.97317714691162,29.014137931034476,-0.15141065830720996,0.0877742946708464,True
Moraxella sp.,PLA,False,319,34623.2212,8.97317714691162,29.014137931034476,-0.15141065830720996,0.0877742946708464,True
Moraxella sp.,PHA,False,319,34623.2212,8.97317714691162,29.014137931034476,-0.15141065830720996,0.0877742946708464,True
Cupriavidus necator,PHA,False,419,47316.298400000094,6.3128454208374025,34.13322195704057,-0.26443914081145614,0.1026252983293556,True
Cupriavidus necator,PHB,False,419,47316.298400000094,6.3128454208374025,34.13322195704057,-0.26443914081145614,0.1026252983293556,True
Cupriavidus necator,PHA,False,404,44814.264200000056,6.809049797058106,47.23371287128714,0.08316831683168278,0.08415841584158416,False
Cupriavidus necator,PHB,False,404,44814.264200000056,6.809049797058106,47.23371287128714,0.08316831683168278,0.08415841584158416,False
Cupriavidus necator,PHA,False,412,45223.48820000008,6.390601158142091,48.12526699029126,0.048300970873785834,0.08495145631067962,False
Cupriavidus necator,PHB,False,412,45223.48820000008,6.390601158142091,48.12526699029126,0.048300970873785834,0.08495145631067962,False
Cupriavidus necator,PHA,False,245,27351.69530000001,6.043485450744629,48.94044897959183,-0.09183673469387758,0.09387755102040816,False
Cupriavidus necator,PHB,False,245,27351.69530000001,6.043485450744629,48.94044897959183,-0.09183673469387758,0.09387755102040816,False
Cupriavidus necator,PHA,False,407,45215.11750000007,5.845799446105956,38.69660933660934,-0.043243243243243176,0.09828009828009827,True
Cupriavidus necator,PHB,False,407,45215.11750000007,5.845799446105956,38.69660933660934,-0.043243243243243176,0.09828009828009827,True
Cupriavidus necator,PHA,False,365,38409.58040000005,11.40911502838135,46.98273972602738,-0.0854794520547945,0.06301369863013698,False
Cupriavidus necator,PHB,False,365,38409.58040000005,11.40911502838135,46.98273972602738,-0.0854794520547945,0.06301369863013698,False
Cupriavidus necator,PHA,False,718,74284.92960000035,6.398217582702637,29.380376044568255,-0.16323119777158832,0.059888579387186634,True
Cupriavidus necator,PHB,False,718,74284.92960000035,6.398217582702637,29.380376044568255,-0.16323119777158832,0.059888579387186634,True
Cupriavidus necator,PHA,False,293,31555.84010000004,6.173248863220214,34.43037542662116,0.053583617747440276,0.08191126279863481,True
Cupriavidus necator,PHB,False,293,31555.84010000004,6.173248863220214,34.43037542662116,0.053583617747440276,0.08191126279863481,True
Cupriavidus necator,PHA,False,362,39167.967200000036,9.34812526702881,41.17486187845303,-0.3102209944751388,0.06906077348066299,False
Cupriavidus necator,PHB,False,362,39167.967200000036,9.34812526702881,41.17486187845303,-0.3102209944751388,0.06906077348066299,False
Cupriavidus necator,PHB,False,362,39167.967200000036,9.34812526702881,41.17486187845303,-0.3102209944751388,0.06906077348066299,False
Cupriavidus necator,PHA,False,362,39167.967200000036,9.34812526702881,41.17486187845303,-0.3102209944751388,0.06906077348066299,False
Paenarthrobacter ureafaciens,Nylon,False,493,52211.457100000094,5.1553762435913075,39.70628803245434,-0.060243407707910715,0.060851926977687626,True
Paenarthrobacter ureafaciens,Nylon,False,392,42692.93120000008,4.660933876037597,37.71479591836734,-0.3130102040816332,0.08163265306122448,True
Paenarthrobacter ureafaciens,Nylon,False,355,36902.927700000044,5.096547889709471,35.54281690140845,-0.00478873239436619,0.0676056338028169,True
Kocuria sp.,Nylon,False,355,36843.903500000044,5.26911106109619,34.828169014084494,0.009014084507042325,0.07042253521126761,True
Nocardia farcinica,Nylon,False,479,49870.43490000011,4.913810539245604,33.68517745302715,0.04217118997912316,0.07306889352818371,True
Pseudomonas sp.,PET,False,218,24273.281199999998,4.853504371643066,52.55642201834864,-0.10550458715596334,0.09174311926605505,False
Rhodococcus ruber,LDPE,False,424,45526.81900000009,5.402739524841309,24.086556603773598,-0.24834905660377385,0.0660377358490566,True
Uncultured bacterium,PET,False,307,32404.105000000003,9.228665351867676,36.68667752442997,-0.17003257328990226,0.09446254071661236,True
Rhizobacter gummiphilus,PET,False,292,30823.245799999993,9.46655368804932,35.85859589041095,-0.20821917808219176,0.08904109589041095,True
Pseudomonas putida,PHA,False,283,31445.42770000003,9.673239326477052,39.10141342756184,0.03074204946996466,0.09187279151943462,True
Rhodococcus fascians,PBAT,False,216,21861.253599999985,9.021657371520995,25.282870370370365,0.2393518518518516,0.08333333333333333,True
Rhodococcus fascians,PBS,False,216,21861.253599999985,9.021657371520995,25.282870370370365,0.2393518518518516,0.08333333333333333,True
Rhodococcus fascians,PBSA,False,216,21861.253599999985,9.021657371520995,25.282870370370365,0.2393518518518516,0.08333333333333333,True
Rhodococcus fascians,PCL,False,216,21861.253599999985,9.021657371520995,25.282870370370365,0.2393518518518516,0.08333333333333333,True
Rhodococcus fascians,PES,False,216,21861.253599999985,9.021657371520995,25.282870370370365,0.2393518518518516,0.08333333333333333,True
Bacillus pumilus,PBAT,False,215,22936.1551,9.670660591125486,18.151162790697654,0.017209302325581495,0.06511627906976744,True
Bacillus pumilus,PBSA,False,215,22936.1551,9.670660591125486,18.151162790697654,0.017209302325581495,0.06511627906976744,True
Bacillus pumilus,PES,False,215,22936.1551,9.670660591125486,18.151162790697654,0.017209302325581495,0.06511627906976744,True
Bacillus pumilus,PCL,False,215,22936.1551,9.670660591125486,18.151162790697654,0.017209302325581495,0.06511627906976744,True
Psychrobacter sp.,PE,False,541,61021.023400000166,7.086480903625487,33.18909426987062,-0.38243992606284655,0.08317929759704251,True
Pseudomonas chlororaphis,PLA,False,275,29727.307900000018,5.054771232604979,34.75821818181817,0.04363636363636365,0.08727272727272728,True
Pseudomonas chlororaphis,PHA,False,275,29727.307900000018,5.054771232604979,34.75821818181817,0.04363636363636365,0.08727272727272728,True
Pseudomonas chlororaphis,PCL,False,275,29727.307900000018,5.054771232604979,34.75821818181817,0.04363636363636365,0.08727272727272728,True
Pseudomonas chlororaphis,PES,False,275,29727.307900000018,5.054771232604979,34.75821818181817,0.04363636363636365,0.08727272727272728,True
Pseudomonas chlororaphis,PLA,False,277,30152.786300000003,10.260223960876463,47.080144404332124,0.12707581227436798,0.06137184115523466,False
Pseudomonas chlororaphis,PHA,False,277,30152.786300000003,10.260223960876463,47.080144404332124,0.12707581227436798,0.06137184115523466,False
Pseudomonas chlororaphis,PCL,False,277,30152.786300000003,10.260223960876463,47.080144404332124,0.12707581227436798,0.06137184115523466,False
Pseudomonas chlororaphis,PES,False,277,30152.786300000003,10.260223960876463,47.080144404332124,0.12707581227436798,0.06137184115523466,False
Marinobacter sp.,PET,False,307,32559.650100000013,4.591135597229004,36.63684039087948,-0.20944625407166118,0.1009771986970684,True
Marinobacter sp.,PBSeT,False,307,32559.650100000013,4.591135597229004,36.63684039087948,-0.20944625407166118,0.1009771986970684,True
Marinobacter sp.,PBAT,False,307,32559.650100000013,4.591135597229004,36.63684039087948,-0.20944625407166118,0.1009771986970684,True
Marinobacter sp.,Ecovio-FT,False,307,32559.650100000013,4.591135597229004,36.63684039087948,-0.20944625407166118,0.1009771986970684,True
Marinobacter sp.,PET,False,316,32748.942199999998,5.3157758712768555,39.98895569620254,-0.18132911392405057,0.08227848101265822,True
Marinobacter sp.,PBSeT,False,316,32748.942199999998,5.3157758712768555,39.98895569620254,-0.18132911392405057,0.08227848101265822,True
Marinobacter sp.,PBAT,False,316,32748.942199999998,5.3157758712768555,39.98895569620254,-0.18132911392405057,0.08227848101265822,True
Marinobacter sp.,Ecovio-FT,False,316,32748.942199999998,5.3157758712768555,39.98895569620254,-0.18132911392405057,0.08227848101265822,True
Uncultured bacterium,PET,True,305,32051.72480000001,5.91196002960205,51.62032786885245,-0.02688524590163928,0.07868852459016393,False
Uncultured bacterium,PET,True,388,42270.931300000084,6.235601234436035,40.17167525773195,-0.0752577319587628,0.056701030927835044,False
Uncultured bacterium,PET,True,250,27948.627300000022,6.263736534118652,46.71804,-0.10039999999999998,0.09999999999999999,False
Uncultured bacterium,PET,True,272,30944.35460000002,8.675784492492678,29.811764705882357,-0.20147058823529418,0.08455882352941177,True
Uncultured bacterium,PET,True,248,27478.23280000002,6.409926414489747,43.57423387096773,-0.05362903225806447,0.07258064516129033,False
Uncultured bacterium,PET,True,219,23325.674400000007,6.218265342712402,43.10917808219178,-0.14977168949771685,0.1095890410958904,False
Uncultured bacterium,PET,True,240,26400.85940000002,6.581068611145019,41.29087500000001,0.019583333333333442,0.075,False
Uncultured bacterium,PET,True,186,22102.57760000003,9.59839153289795,28.64521505376342,-0.46129032258064523,0.11290322580645161,True
Uncultured bacterium,PET,True,290,31094.475000000006,5.890588569641112,40.11693103448277,-0.20551724137931032,0.09655172413793103,False
Ketobacter sp.,PET,True,292,31963.05190000001,4.855323219299316,33.64215753424657,-0.3835616438356166,0.1095890410958904,True
Actinomycetota bacterium,PET,True,283,29959.9925,4.720557975769043,31.465724381625442,-0.19611307420494706,0.07773851590106007,True
Micromonosporaceae bacterium,PET,True,401,42415.916100000046,7.175092887878418,18.80374064837905,-0.16982543640897776,0.08977556109725687,True
Ketobacter sp.,PET,True,277,29707.685400000006,7.156961250305176,38.51628158844766,-0.3111913357400723,0.10830324909747292,True
Ketobacter alkanivorans,PET,True,291,31200.579800000014,7.845882987976075,32.31649484536083,-0.3460481099656364,0.08934707903780068,True
Nocardioidaceae bacterium,PET,True,267,28656.085200000012,5.691822624206543,30.489925093632966,-0.3348314606741573,0.09737827715355805,True
Caldimonas taiwanensis,PET,True,278,30352.530199999997,9.140085792541505,34.39607913669065,-0.3730215827338129,0.1079136690647482,True
Marinactinospora thermotolerans,PET,True,271,29884.47690000003,4.688557624816894,36.548745387453884,-0.4140221402214023,0.09963099630996311,True
Saccharopolyspora flava,PET,True,269,29089.73620000001,4.59511432647705,35.37698884758365,-0.4040892193308552,0.08550185873605948,True
Thermobifida fusca,PET,True,270,29563.911800000024,7.881340599060058,37.60744444444445,-0.3085185185185187,0.08518518518518518,True
Thermobifida fusca,PET,True,271,29513.755400000024,6.447383308410643,35.651328413284126,-0.26715867158671597,0.08856088560885608,True
Thermobifida alba,PET,True,270,29635.709800000026,6.104814720153808,38.100037037037026,-0.4014814814814819,0.08518518518518518,True
Thermobifida cellulosilytica,PET,True,269,29243.242200000026,6.161710548400878,36.93085501858736,-0.36171003717472155,0.08178438661710037,True
Thermobifida halotolerans,PET,True,129,13884.979299999985,5.533526039123534,40.01627906976743,-0.47131782945736445,0.07751937984496124,False
Thermobifida cellulosilytica,PET,True,273,29893.12960000003,6.403617286682128,34.9780586080586,-0.32197802197802233,0.09157509157509157,True
Bacillus velezensis,PU,False,448,50106.56340000006,9.086577033996583,33.03397321428572,-0.24598214285714284,0.12276785714285715,True
Bacillus velezensis,PBAT,False,448,50106.56340000006,9.086577033996583,33.03397321428572,-0.24598214285714284,0.12276785714285715,True
Pseudomonas chlororaphis,PHBV,False,296,32505.578600000008,9.568993949890135,38.05777027027029,-0.17263513513513515,0.08445945945945946,True
Pseudomonas chlororaphis,PHA,False,296,32505.578600000008,9.568993949890135,38.05777027027029,-0.17263513513513515,0.08445945945945946,True
Pseudomonas chlororaphis,PLA,False,296,32505.578600000008,9.568993949890135,38.05777027027029,-0.17263513513513515,0.08445945945945946,True
Pseudomonas chlororaphis,PCL,False,296,32505.578600000008,9.568993949890135,38.05777027027029,-0.17263513513513515,0.08445945945945946,True
Pseudomonas chlororaphis,PES,False,296,32505.578600000008,9.568993949890135,38.05777027027029,-0.17263513513513515,0.08445945945945946,True
Pseudomonas chlororaphis,PHBV,False,337,36284.94080000002,7.110637474060058,26.59732937685459,-0.07240356083086037,0.0801186943620178,True
Pseudomonas chlororaphis,PHO,False,337,36284.94080000002,7.110637474060058,26.59732937685459,-0.07240356083086037,0.0801186943620178,True
Pseudomonas chlororaphis,PLA,False,337,36284.94080000002,7.110637474060058,26.59732937685459,-0.07240356083086037,0.0801186943620178,True
Pseudomonas chlororaphis,PCL,False,337,36284.94080000002,7.110637474060058,26.59732937685459,-0.07240356083086037,0.0801186943620178,True
Pseudomonas chlororaphis,PES,False,337,36284.94080000002,7.110637474060058,26.59732937685459,-0.07240356083086037,0.0801186943620178,True
Pseudomonas chlororaphis,PHBV,False,285,31720.65300000004,9.455013847351076,35.786315789473676,0.0568421052631579,0.10175438596491228,True
Pseudomonas chlororaphis,PHO,False,285,31720.65300000004,9.455013847351076,35.786315789473676,0.0568421052631579,0.10175438596491228,True
Pseudomonas chlororaphis,PLA,False,285,31720.65300000004,9.455013847351076,35.786315789473676,0.0568421052631579,0.10175438596491228,True
Pseudomonas chlororaphis,PCL,False,285,31720.65300000004,9.455013847351076,35.786315789473676,0.0568421052631579,0.10175438596491228,True
Pseudomonas chlororaphis,PES,False,285,31720.65300000004,9.455013847351076,35.786315789473676,0.0568421052631579,0.10175438596491228,True
Moraxella sp.,PET,False,310,32623.01100000001,5.27928524017334,34.14648387096775,-0.16612903225806447,0.08387096774193549,True
Oleispira antarctica,PET,False,319,34623.2212,8.97317714691162,29.014137931034476,-0.15141065830720996,0.0877742946708464,True
Lihuaxuella thermophila,PHB,True,322,34564.25859999999,5.501753044128416,25.752173913043492,-0.22360248447204964,0.09937888198757765,True
Lihuaxuella thermophila,PHA,True,322,34564.25859999999,5.501753044128416,25.752173913043492,-0.22360248447204964,0.09937888198757765,True
Lihuaxuella thermophila,PHBH,True,322,34564.25859999999,5.501753044128416,25.752173913043492,-0.22360248447204964,0.09937888198757765,True
Lihuaxuella thermophila,PHBVH,True,322,34564.25859999999,5.501753044128416,25.752173913043492,-0.22360248447204964,0.09937888198757765,True
Lihuaxuella thermophila,PLA,True,322,34564.25859999999,5.501753044128416,25.752173913043492,-0.22360248447204964,0.09937888198757765,True
Lihuaxuella thermophila,PCL,True,322,34564.25859999999,5.501753044128416,25.752173913043492,-0.22360248447204964,0.09937888198757765,True
Marinactinospora thermotolerans,PET,False,311,33655.81940000004,4.675370979309082,40.020289389067514,-0.2942122186495177,0.08681672025723472,False
Geomyces sp.,PBS,False,714,77238.03810000051,6.746867942810059,40.59582633053233,-0.2091036414565827,0.11484593837535015,False
Geomyces sp.,PBS,False,428,46396.90170000003,8.132316017150881,27.68714953271027,-0.27313084112149566,0.12383177570093457,True
Rhizopus oryzae,LDPE,False,446,49177.32450000016,5.030500984191894,32.66977578475335,-0.3580717488789229,0.11210762331838565,True
Candidatus bathyarchaeota,PET,False,262,29425.433300000026,5.660447502136231,41.68053435114505,-0.050000000000000044,0.08015267175572519,False
Thermobacillus composti,PBAT,False,508,57099.74950000011,5.081428718566893,49.442716535433135,-0.31712598425196886,0.12992125984251968,False
Rhodococcus opacus,PE,False,516,55376.67500000006,5.193003654479979,30.627325581395347,-0.2645348837209305,0.06007751937984496,True
Rhodococcus opacus,PE,False,348,37985.305700000004,5.695176124572753,36.41408045977011,-0.20660919540229902,0.11206896551724138,True
Halopseudomonas formosensis,PU,True,304,32300.025800000003,6.954102897644043,42.14213815789472,-0.12171052631578952,0.09210526315789475,False
Rhodococcus sp.,PCL,False,216,21861.253599999985,9.021657371520995,25.282870370370365,0.2393518518518516,0.08333333333333333,True
Rhodococcus sp.,PET,False,216,21861.253599999985,9.021657371520995,25.282870370370365,0.2393518518518516,0.08333333333333333,True
Streptomyces sp.,PET,False,284,30912.117500000004,7.075340461730956,34.955669014084506,-0.3415492957746482,0.0880281690140845,True
Thermoanaerobacter sp.,PET,False,267,29023.959200000016,5.966582298278809,38.55659176029964,-0.3348314606741573,0.08239700374531836,True
Amycolatopsis sp.,PCL,False,263,27890.87410000002,9.195464134216309,42.67684410646386,-0.11216730038022812,0.08745247148288973,False
Amycolatopsis sp.,PU,False,263,27890.87410000002,9.195464134216309,42.67684410646386,-0.11216730038022812,0.08745247148288973,False
Amycolatopsis sp.,PET,False,263,27890.87410000002,9.195464134216309,42.67684410646386,-0.11216730038022812,0.08745247148288973,False
Clonostachys rosea,PCL,False,218,22479.118399999992,6.580898094177246,25.301834862385313,0.013302752293578062,0.06422018348623854,True
Clonostachys rosea,PET,False,218,22479.118399999992,6.580898094177246,25.301834862385313,0.013302752293578062,0.06422018348623854,True
Clonostachys rosea,PCL,False,339,35748.57739999998,6.918805885314941,29.77876106194688,-0.13156342182890846,0.10029498525073746,True
Rhizobacter sp.,PET,False,288,30477.745500000005,9.164261436462404,28.59413194444444,-0.0822916666666667,0.10069444444444446,True
Piscinibacter gummiphilus,PET,False,288,30477.745500000005,9.164261436462404,28.59413194444444,-0.0822916666666667,0.10069444444444446,True
Pseudomonas fluvialis,PET,False,298,31751.6224,9.000511741638185,35.87989932885905,-0.08993288590604027,0.11073825503355705,True
Rhizobacter sp.,PET,False,280,29647.17340000002,9.694062614440917,29.226821428571427,-0.05500000000000005,0.10357142857142856,True
Pseudomonas subflava,PET,False,296,31817.475200000015,8.467873954772951,32.6064527027027,-0.11486486486486489,0.11486486486486487,True
Rhizobacter sp.,PET,False,299,31774.30560000002,9.46990604400635,33.4033779264214,-0.09598662207357861,0.10367892976588629,True
Halopseudomonas yangmingensis,PET,False,303,32374.96010000004,9.156009483337403,43.945577557755776,-0.2402640264026403,0.08580858085808579,False
Jonesia denitrificans,PET,False,319,35164.303400000004,9.113653755187986,36.6373354231975,-0.23793103448275854,0.0877742946708464,True
Actinokineospora alba,PET,False,294,31390.13140000001,8.471742057800295,41.46704081632652,-0.09115646258503399,0.09863945578231292,False
Actinokineospora spheciospongiae,PET,False,297,31203.142300000007,9.459010887145997,33.48117845117844,0.027609427609427577,0.08754208754208753,True
Herbihabitans rhizosphaerae,PET,False,297,31337.3454,9.41620388031006,37.854242424242415,-0.003367003367003374,0.0808080808080808,True
Actinomadura physcomitrii,PET,False,310,32574.497500000023,7.739447212219238,39.16064516129033,-0.09903225806451608,0.08064516129032258,True
Actinokineospora xionganensis,PET,False,283,29541.02349999998,6.0536596298217775,29.15197879858657,0.05335689045936384,0.08833922261484098,True
Dactylosporangium sp.,PET,False,451,46186.50660000011,4.8032018661499025,38.41374722838137,-0.12638580931263874,0.07317073170731707,True
Actinokineospora spheciospongiae,PET,False,299,31942.884400000017,8.90400257110596,33.69130434782608,-0.03444816053511701,0.09364548494983277,True
Actinoplanes sp. DH11,PET,False,312,32379.287600000047,10.253261375427243,48.524999999999984,-0.013782051282051287,0.06730769230769232,False
Actinomadura rayongensis,PET,False,295,31668.193300000028,5.943619346618653,43.64477966101695,-0.1905084745762712,0.10508474576271186,False
Actinomycetes bacterium,PET,False,303,32464.814000000013,9.808558464050293,47.1673597359736,-0.016171617161716133,0.08250825082508251,False
Acidimicrobiales bacterium,PET,False,322,34079.02160000003,4.707769203186035,30.933260869565228,-0.34068322981366467,0.08385093167701864,True
Micromonosporales bacterium,PET,False,445,45902.798100000065,8.340742301940917,44.5811235955056,-0.1339325842696629,0.07865168539325842,False
Paractinoplanes polyasparticus,PET,False,457,48441.40800000007,9.019723320007323,34.874398249452966,-0.27308533916849026,0.0787746170678337,True
Micromonosporales bacterium,PET,False,420,43310.91590000007,6.082476997375487,42.29976190476189,-0.11261904761904774,0.08571428571428572,False
Thermoleophilaceae bacterium,PET,False,292,30914.52750000003,9.53624401092529,29.658253424657527,-0.0852739726027397,0.09931506849315068,True
Micromonosporales bacterium,PET,False,425,44639.936400000064,5.193458366394042,42.85058823529412,-0.33694117647058847,0.08470588235294117,False
Paractinoplanes durhamensis,PET,False,295,31052.678500000016,9.575247383117674,28.510542372881357,-0.050169491525423646,0.09830508474576272,True
Hamadaea sp.,PET,False,285,30106.578700000002,7.796435737609863,43.869859649122795,-0.034736842105263045,0.08771929824561403,False
Promicromonospora panici,PET,False,287,30452.50830000001,4.504854011535645,40.38606271777004,-0.1508710801393728,0.08710801393728224,False
Streptomyces sp.,PET,False,314,33802.28550000003,9.505363655090331,41.28028662420383,-0.33566878980891734,0.07643312101910828,False
Microbispora catharanthi,PET,False,450,46343.2186,8.729228782653806,24.022666666666673,-0.17555555555555558,0.07777777777777778,True
Saccharothrix sp.,PET,False,405,41704.71610000007,8.327913093566895,20.846419753086423,-0.15950617283950627,0.08395061728395062,True
Microbispora,PET,False,475,48437.328400000006,8.728841972351074,28.71347368421052,-0.143578947368421,0.07789473684210527,True
Solwaraspora sp.,PET,False,415,42530.123600000064,5.649989128112793,42.72240963855421,-0.052289156626505955,0.0819277108433735,False
Microbispora oryzae,PET,False,452,46020.87460000011,9.386677360534666,41.19469026548671,-0.08075221238938049,0.08185840707964602,False
Microbispora triticiradicis,PET,False,432,44279.54980000002,8.370010948181154,27.883564814814807,-0.19606481481481491,0.08333333333333334,True
Microbispora sp.,PET,False,435,44710.39010000004,7.504474830627442,26.112183908045967,-0.1022988505747127,0.08045977011494253,True
Phytohabitans rumicis,PET,False,402,41700.12750000008,6.289711952209472,29.69875621890547,0.0004975124378109772,0.08955223880597016,True
Saccharothrix deserti,PET,False,398,41222.34580000007,6.947339057922362,29.061557788944732,-0.11758793969849242,0.08040201005025127,True
Microbispora sp.,PET,False,450,46332.21719999999,8.862355995178223,26.56644444444445,-0.16799999999999998,0.07777777777777778,True
Streptomyces sp.,PET,False,426,43554.73480000007,4.873625373840332,34.560563380281664,-0.029812206572770054,0.08685446009389672,True
Acidimicrobiales bacterium,PET,False,276,28379.729599999988,5.575132179260252,43.609818840579706,0.09999999999999977,0.07246376811594203,False
Paractinoplanes deccanensis,PET,False,417,43722.109900000025,5.912869453430175,24.48345323741009,-0.2666666666666669,0.08153477218225419,True
Phytohabitans houttuyneae,PET,False,447,47108.31070000004,8.590299415588383,34.74496644295302,-0.11991051454138706,0.08053691275167785,True
Micromonospora craterilacus,PET,False,462,48724.94830000006,8.745088005065917,34.638311688311695,-0.2283549783549785,0.07575757575757576,True
Paractinoplanes rishiriensis,PET,False,410,41983.49830000007,9.133445549011231,32.41048780487804,-0.0441463414634145,0.07073170731707318,True
Plantactinospora alkalitolerans,PET,False,346,35984.02650000002,8.549942207336429,35.72225433526011,-0.11184971098265895,0.0809248554913295,True
Micromonospora taraxaci,PET,False,465,48994.18760000006,8.38470973968506,26.74688172043011,-0.1926881720430108,0.07526881720430108,True
Phytohabitans aurantiacus,PET,False,401,41006.49320000004,9.180056190490724,28.18279301745635,-0.01645885286783033,0.08229426433915213,True
Micromonospora qiuiae,PET,False,323,34078.04769999999,9.443151664733886,36.148916408668725,-0.11826625386996922,0.08668730650154799,True
Micromonospora saelicesensis,PET,False,443,46693.70690000003,8.378262901306151,28.89322799097066,-0.16433408577878109,0.0835214446952596,True
Micromonospora sp.,PET,False,427,44142.74200000001,8.603064155578615,25.58969555035129,-0.18266978922716634,0.07728337236533958,True
Micromonospora rifamycinica,PET,False,473,49460.78340000006,8.760689353942869,32.54947145877379,-0.19978858350951392,0.07399577167019027,True
Micromonospora sp.,PET,False,402,41094.510700000064,8.85152530670166,33.3007462686567,-0.00621890547263676,0.07960199004975124,True
Dactylosporangium vinaceum,PET,False,269,27745.633799999996,8.641745185852052,40.70040892193309,0.09405204460966556,0.09665427509293681,False
Actinoallomurus spadix,PET,False,424,43981.65610000005,5.9387311935424805,31.952358490566017,-0.06061320754716973,0.08726415094339622,True
Dactylosporangium sucinum,PET,False,285,29659.01680000001,9.42368221282959,41.12424561403509,0.09157894736842116,0.09824561403508772,False
Dactylosporangium siamense,PET,False,279,28774.972500000003,9.507942390441894,46.9416129032258,0.14731182795698913,0.09318996415770608,False
Dactylosporangium matsuzakiense,PET,False,417,43136.547300000006,6.804786872863769,29.922302158273375,-0.1625899280575541,0.07913669064748202,True
Micromonospora sp.,PET,False,474,50007.526600000056,8.768876838684083,37.89789029535864,-0.20780590717299596,0.0759493670886076,True
Micromonospora sp.,PET,False,337,35387.19130000001,6.2822660446167,36.646884272997035,-0.16261127596439173,0.0771513353115727,True
Verrucosispora sp.,PET,False,299,31407.316500000015,9.995516777038574,47.22608695652173,-0.04548494983277592,0.06688963210702341,False
Micromonospora sp.,PET,False,469,49187.332600000074,8.39231700897217,29.77356076759062,-0.21812366737739886,0.07249466950959488,True
Actinoplanes ianthinogenes,PET,False,431,45226.868400000036,7.528858757019044,30.574477958236667,-0.19489559164733175,0.08352668213457076,True
Amycolatopsis sp.,PET,False,339,34968.07329999998,9.094377708435058,30.68466076696166,0.01710914454277294,0.08849557522123894,True
Amycolatopsis sp.,PET,False,308,32105.588700000004,9.727005958557129,46.396136363636344,-0.08084415584415582,0.07792207792207792,False
Catellatospora bangladeshensis,PET,False,288,29933.0057,9.195335197448731,40.70663194444444,0.02395833333333354,0.10069444444444445,False
Paractinoplanes tereljensis,PET,False,293,30397.09910000001,9.42368221282959,33.90307167235495,0.15085324232081873,0.07849829351535836,True
Micromonospora acroterricola,PET,False,292,29854.27250000001,9.5061372756958,37.17054794520547,0.12054794520547926,0.07191780821917808,True
Rhizocola hellebori,PET,False,301,31540.421700000017,9.868836402893066,37.55548172757474,0.0009966777408638458,0.07641196013289037,True
Asanoa hainanensis,PET,False,296,31002.923700000014,10.067721366882324,36.39628378378377,-0.011486486486486374,0.07094594594594594,True
Amycolatopsis tolypomycina,PET,False,309,32568.184300000004,9.996161460876465,47.83239482200644,-0.12200647249190937,0.07766990291262137,False
Micromonospora sp.,PET,False,449,47610.59330000002,7.024412727355956,34.17839643652562,-0.26503340757238325,0.0757238307349666,True
Catellatospora methionotrophica,PET,False,290,30166.101900000016,9.387450981140137,43.75382758620688,-0.06793103448275856,0.1,False
Verrucosispora sioxanthis,PET,False,432,45697.34080000003,6.502517127990722,34.58541666666668,-0.2675925925925928,0.0787037037037037,True
Thermobifida cellulosilytica,PET,False,261,28425.40610000002,5.86751194000244,28.786245210727962,-0.3126436781609198,0.09195402298850575,True
Streptomyces sp.,PET,False,455,47752.029899999994,9.217834663391113,34.85098901098901,-0.2380219780219783,0.07472527472527472,True
Actinomycetes bacterium,PET,False,259,27689.245999999992,4.6671861648559565,31.008146718146705,-0.46061776061776094,0.08494208494208494,True
Crossiella sp.,PET,False,266,28143.522399999994,9.757499504089353,18.05789473684209,-0.2048872180451127,0.09022556390977443,True
Dactylosporangium aurantiacum,PET,False,437,45654.21490000009,6.930685234069824,32.908695652173925,-0.20434782608695665,0.07551487414187644,True
Microbispora rosea subsp. Aerata,PET,False,296,31503.314500000022,6.371389579772949,44.08584459459459,0.02668918918918908,0.08445945945945946,False
Actinomadura sp.,PET,False,309,32391.25230000002,5.610827064514161,47.935275080906145,-0.14530744336569582,0.07766990291262135,False
Micromonosporaceae bacterium,PET,False,325,34078.00350000006,9.182828330993651,26.20123076923077,-0.10830769230769227,0.08307692307692308,True
Cellulomonas iranensis,PET,False,284,30172.81640000002,9.384936714172362,36.04510563380282,-0.06338028169014084,0.08098591549295775,True
Plantactinospora endophytica,PET,False,472,49679.008400000064,8.101113319396973,40.55402542372881,-0.18114406779661016,0.07415254237288135,False
Streptomyces swartbergensis,PET,False,455,47818.99220000003,9.217705726623535,37.53516483516483,-0.2841758241758246,0.06813186813186814,True
Actinomadura atramentaria,PET,False,301,31231.971800000018,7.737173652648925,39.48671096345514,0.10531561461793977,0.08970099667774087,True
Streptomyces sp.,PET,False,432,45069.900100000064,8.412495613098148,36.9710648148148,-0.2476851851851855,0.07175925925925926,True
Kutzneria sp.,PET,False,293,30449.883900000033,9.225957679748536,27.767610921501696,0.06450511945392487,0.10921501706484642,True
Saccharopolyspora hirsuta,PET,False,295,31563.84010000001,5.088249397277831,43.970881355932214,-0.31254237288135606,0.07796610169491525,False
Kibdelosporangium banguiense,PET,False,307,32473.990699999988,9.772649574279782,21.42410423452769,0.025732899022801365,0.0814332247557003,True
Micromonospora carbonacea,PET,False,424,44604.193600000064,6.9316514968872065,34.583962264150955,-0.17075471698113207,0.08254716981132076,True
Actinoallomurus spadix,PET,False,424,43981.65610000005,5.9387311935424805,31.952358490566017,-0.06061320754716973,0.08726415094339622,True
Streptomyces sp.,PET,False,418,43696.67850000003,8.89916744232178,27.199043062200957,-0.06435406698564584,0.08133971291866028,True
Crossiella sp.,PET,False,403,41767.20360000003,9.020432472229004,21.201985111662538,-0.19057071960297783,0.07444168734491316,True
Micromonospora sp.,PET,False,442,45504.59400000006,7.68329029083252,43.804298642533915,-0.018099547511312174,0.07692307692307693,False
Micromonospora lutea,PET,False,449,47476.398300000044,8.597584342956544,32.21759465478843,-0.25167037861915376,0.0757238307349666,True
Hamadaea flava,PET,False,287,30286.802300000003,8.566768455505372,45.10770034843204,0.04111498257839732,0.08710801393728224,False
Actinoplanes ianthinogenes,PET,False,421,44069.51660000003,6.0712797164916985,27.544655581947755,-0.18028503562945358,0.0831353919239905,True
Acidimicrobiales bacterium,PET,False,242,25333.387399999992,5.006401252746582,49.71202479338843,-0.021900826446280938,0.08677685950413223,False
Sphaerisporangium fuscum,PET,False,277,29258.627599999996,5.956862831115722,38.159241877256314,-0.07220216606498187,0.08664259927797834,True
