Protein_ID,Localizations,Signals,Membrane types,Cytoplasm,Nucleus,Extracellular,Cell membrane,Mitochondrion,Plastid,Endoplasmic reticulum,Lysosome/Vacuole,Golgi apparatus,Peroxisome,Peripheral,Transmembrane,Lipid anchor,Soluble
ERR7672960_23882,Extracellular,Signal peptide,Soluble,0.1039000004529953,0.07859999686479568,0.8805999755859375,0.04830000177025795,0.16740000247955322,0.05900000035762787,0.08489999920129776,0.2985999882221222,0.13590000569820404,0.003599999938160181,0.428600013256073,0.051600001752376556,0.26579999923706055,0.8047000169754028
ERR8106065_1375561,Extracellular,Signal peptide,Soluble,0.1632000058889389,0.13809999823570251,0.7472000122070312,0.057999998331069946,0.32179999351501465,0.0340999998152256,0.09860000014305115,0.1859000027179718,0.15279999375343323,0.002300000051036477,0.4059999883174896,0.04470000043511391,0.296099990606308,0.8220999836921692
O82950_M1,Cytoplasm,,Soluble,0.29100000858306885,0.3066999912261963,0.36469998955726624,0.16060000658035278,0.19769999384880066,0.004900000058114529,0.20550000667572021,0.14980000257492065,0.2879999876022339,0.004800000227987766,0.37689998745918274,0.09300000220537186,0.13950000703334808,0.8034999966621399
Q51871_M1,Extracellular,Signal peptide,Soluble,0.20260000228881836,0.1632000058889389,0.7993999719619751,0.2800999879837036,0.029200000688433647,0.007600000128149986,0.11320000141859055,0.16619999706745148,0.1120000034570694,0.008700000122189522,0.45969998836517334,0.03660000115633011,0.20479999482631683,0.8597000241279602
Q6UFW4_M1,Extracellular,,Soluble,0.3752000033855438,0.27559998631477356,0.7858999967575073,0.2515000104904175,0.3140000104904175,0.052400000393390656,0.18729999661445618,0.3095000088214874,0.2955000102519989,0.0026000000070780516,0.2653999924659729,0.125900000333786,0.13619999587535858,0.8353000283241272
ERR868388_2138178,Extracellular,Signal peptide,Soluble,0.3944000005722046,0.19460000097751617,0.9099000096321106,0.262800008058548,0.07970000058412552,0.007600000128149986,0.20250000059604645,0.2827000021934509,0.14069999754428864,0.002199999988079071,0.4625000059604645,0.04610000178217888,0.4383000135421753,0.794700026512146
Q939Q9_M1,Extracellular,,Soluble,0.28940001130104065,0.319599986076355,0.44339999556541443,0.21439999341964722,0.19480000436306,0.03739999979734421,0.2935999929904938,0.3179999887943268,0.4636000096797943,0.011300000362098217,0.45840001106262207,0.06549999862909317,0.2831000089645386,0.7954999804496765
A0A1E1FNX8_M1,Cytoplasm|Nucleus,Nuclear localization signal,Soluble,0.4968000054359436,0.6262000203132629,0.38339999318122864,0.30959999561309814,0.28700000047683716,0.020400000736117363,0.2529999911785126,0.12970000505447388,0.08169999718666077,0.03460000082850456,0.4823000133037567,0.055799998342990875,0.30640000104904175,0.833299994468689
BAI992302_M1,Cytoplasm|Extracellular,,Soluble,0.5099999904632568,0.34299999475479126,0.7770000100135803,0.2290000021457672,0.11599999666213989,0.050200000405311584,0.39730000495910645,0.3885999917984009,0.164000004529953,0.018699999898672104,0.475600004196167,0.05609999969601631,0.35899999737739563,0.7103000283241272
OK5588251_M1,Extracellular,Nuclear localization signal,Soluble,0.44179999828338623,0.42660000920295715,0.8012999892234802,0.3125999867916107,0.08720000088214874,0.009800000116229057,0.10209999978542328,0.05779999867081642,0.045499999076128006,0.0010000000474974513,0.39469999074935913,0.03200000151991844,0.3248000144958496,0.8065000176429749
WP_0034600121_M1,Cytoplasm,,Peripheral|Soluble,0.41370001435279846,0.18310000002384186,0.1639000028371811,0.2410999983549118,0.40619999170303345,0.024700000882148743,0.33980000019073486,0.05469999834895134,0.11969999969005585,0.06459999829530716,0.6204000115394592,0.19979999959468842,0.07729999721050262,0.6033999919891357
XAQ582251_M1,Cytoplasm,Nuclear localization signal,Soluble,0.6184999942779541,0.3131999969482422,0.5169000029563904,0.2337999939918518,0.15060000121593475,0.012000000104308128,0.36399999260902405,0.06019999831914902,0.09780000150203705,0.004900000058114529,0.4341000020503998,0.049300000071525574,0.26759999990463257,0.8539999723434448
AQT339001_M1,Endoplasmic reticulum,Signal peptide,Soluble,0.23829999566078186,0.10679999738931656,0.3840999901294708,0.36480000615119934,0.12999999523162842,0.005900000222027302,0.8483999967575073,0.13940000534057617,0.12540000677108765,0.0414000004529953,0.3395000100135803,0.11259999871253967,0.3278999924659729,0.8015000224113464
BAA849951_M1,Cytoplasm|Extracellular,Signal peptide,Soluble,0.5857999920845032,0.11569999903440475,0.6589000225067139,0.2554999887943268,0.22460000216960907,0.04610000178217888,0.3285999894142151,0.20919999480247498,0.13359999656677246,0.03669999912381172,0.4090000092983246,0.23330000042915344,0.1860000044107437,0.7799000144004822
BAC766231_M1,Endoplasmic reticulum,Signal peptide,Soluble,0.24690000712871552,0.12559999525547028,0.37529999017715454,0.31929999589920044,0.23080000281333923,0.002099999925121665,0.8661999702453613,0.18799999356269836,0.14569999277591705,0.08250000327825546,0.3846000134944916,0.15289999544620514,0.24619999527931213,0.7581999897956848
NP_9994112_M1,Endoplasmic reticulum,Signal peptide,Soluble,0.2264000028371811,0.09830000251531601,0.4000000059604645,0.3652999997138977,0.13349999487400055,0.0052999998442828655,0.8621000051498413,0.14730000495910645,0.12330000102519989,0.040699999779462814,0.3368000090122223,0.1120000034570694,0.3100000023841858,0.8050000071525574
CAC839331_M1,Cytoplasm|Extracellular,,Soluble,0.6761999726295471,0.2623000144958496,0.7024000287055969,0.12919999659061432,0.07850000262260437,0.03550000116229057,0.2572000026702881,0.2378000020980835,0.08290000259876251,0.03799999877810478,0.193900004029274,0.07249999791383743,0.14350000023841858,0.8952999711036682
CDO673081_M1,Extracellular,Signal peptide,Soluble,0.3806000053882599,0.18700000643730164,0.7713000178337097,0.18549999594688416,0.17139999568462372,0.09309999644756317,0.3310999870300293,0.18520000576972961,0.07370000332593918,0.06300000101327896,0.25949999690055847,0.11060000211000443,0.14589999616146088,0.8447999954223633
EUC554531_M1,Extracellular,,Soluble,0.3458000123500824,0.2612000107765198,0.819100022315979,0.2433999925851822,0.05490000173449516,0.03319999948143959,0.11190000176429749,0.42570000886917114,0.2287999987602234,0.06620000302791595,0.20720000565052032,0.08810000121593475,0.13220000267028809,0.8424000144004822
ADD971501_M1,Endoplasmic reticulum,Signal peptide,Soluble,0.2624000012874603,0.051899999380111694,0.43209999799728394,0.2847999930381775,0.15520000457763672,0.012299999594688416,0.9204000234603882,0.18469999730587006,0.09870000183582306,0.17319999635219574,0.3269999921321869,0.11919999867677689,0.265500009059906,0.7915999889373779
ADF434591_M1,Endoplasmic reticulum,Signal peptide,Soluble,0.26350000500679016,0.05290000140666962,0.42340001463890076,0.2962999939918518,0.15780000388622284,0.012199999764561653,0.92330002784729,0.1923999935388565,0.10400000214576721,0.17919999361038208,0.34700000286102295,0.1193000003695488,0.27570000290870667,0.7840999960899353
ADF434631_M1,Cell membrane,,Lipid anchor|Soluble,0.2078000009059906,0.0575999990105629,0.4823000133037567,0.7955999970436096,0.06440000236034393,0.0044999998062849045,0.186599999666214,0.13580000400543213,0.13369999825954437,0.04729999974370003,0.12399999797344208,0.26100000739097595,0.947700023651123,0.6259999871253967
ADF434691_M1,Cytoplasm|Extracellular,Signal peptide,Soluble,0.5085999965667725,0.0754999965429306,0.6180999875068665,0.30959999561309814,0.15459999442100525,0.011300000362098217,0.4984000027179718,0.0803999975323677,0.07639999687671661,0.09709999710321426,0.4327000081539154,0.11219999939203262,0.24570000171661377,0.8051000237464905
ADF434941_M1,Cytoplasm|Extracellular,Signal peptide,Soluble,0.5479999780654907,0.10130000114440918,0.7265999913215637,0.1720000058412552,0.27140000462532043,0.12780000269412994,0.2248000055551529,0.11289999634027481,0.09799999743700027,0.030400000512599945,0.4472000002861023,0.16140000522136688,0.08330000191926956,0.8170999884605408
BAC367071_M1,Endoplasmic reticulum,Signal peptide,Soluble,0.27730000019073486,0.10490000247955322,0.35019999742507935,0.3443000018596649,0.21439999341964722,0.003000000026077032,0.8889999985694885,0.21649999916553497,0.1242000013589859,0.08669999986886978,0.3517000079154968,0.16220000386238098,0.24420000612735748,0.7617999911308289
XP_0228283431_M1,Endoplasmic reticulum,Signal peptide,Soluble,0.2093999981880188,0.05469999834895134,0.5188000202178955,0.3677000105381012,0.149399995803833,0.016599999740719795,0.8964999914169312,0.2370000034570694,0.15780000388622284,0.3483999967575073,0.31940001249313354,0.08100000023841858,0.3109000027179718,0.8220999836921692
AAB354882_M1,Extracellular,Signal peptide,Soluble,0.3050000071525574,0.08150000125169754,0.8849999904632568,0.3573000133037567,0.1468999981880188,0.031300000846385956,0.16699999570846558,0.17409999668598175,0.06080000102519989,0.12630000710487366,0.4577000141143799,0.23019999265670776,0.5382999777793884,0.6811000108718872
AAC392581_M1,Endoplasmic reticulum,Signal peptide,Soluble,0.2515000104904175,0.09279999881982803,0.515999972820282,0.3116999864578247,0.15039999783039093,0.006099999882280827,0.8325999975204468,0.22269999980926514,0.18889999389648438,0.06870000064373016,0.3546000123023987,0.10840000212192535,0.38260000944137573,0.8015000224113464
AAF641561_M1,Cytoplasm,,Soluble,0.4593000113964081,0.2110999971628189,0.42989999055862427,0.15919999778270721,0.20499999821186066,0.22779999673366547,0.39629998803138733,0.32249999046325684,0.4092000126838684,0.056699998676776886,0.5516999959945679,0.181099995970726,0.21690000593662262,0.6179999709129333
AAH059891_M1,Extracellular,Signal peptide,Soluble,0.3700000047683716,0.1850000023841858,0.830299973487854,0.4544000029563904,0.4097000062465668,0.26579999923706055,0.305400013923645,0.4706000089645386,0.48919999599456787,0.011500000022351742,0.5679000020027161,0.07620000094175339,0.275299996137619,0.7706000208854675
AAI496391_M1,Cell membrane,Signal peptide,Soluble,0.3192000091075897,0.08449999988079071,0.5429999828338623,0.7211999893188477,0.05130000039935112,0.0421999990940094,0.23559999465942383,0.5444999933242798,0.19189999997615814,0.0746999979019165,0.3880999982357025,0.27090001106262207,0.6068000197410583,0.623199999332428
AEE613241_M1,Cytoplasm,,Soluble,0.6090999841690063,0.46540001034736633,0.4575999975204468,0.11129999905824661,0.14239999651908875,0.07460000365972519,0.3037000000476837,0.367000013589859,0.2434999942779541,0.028200000524520874,0.26910001039505005,0.04259999841451645,0.20990000665187836,0.8145999908447266
BBC47797.1_M1,Cytoplasm|Extracellular,,Soluble,0.5188000202178955,0.11760000139474869,0.6337000131607056,0.3659000098705292,0.23800000548362732,0.25429999828338623,0.2985000014305115,0.3203999996185303,0.3734999895095825,0.014299999922513962,0.38100001215934753,0.07980000227689743,0.20970000326633453,0.7878000140190125
C7YUZ1_M1,Extracellular,Signal peptide,Soluble,0.1671999990940094,0.22759999334812164,0.8931000232696533,0.08889999985694885,0.12300000339746475,0.019999999552965164,0.15360000729560852,0.1437000036239624,0.16930000483989716,0.02800000086426735,0.2976999878883362,0.025100000202655792,0.2506999969482422,0.8120999932289124
W3VKA4_M1,Extracellular,,Soluble,0.43560001254081726,0.18170000612735748,0.8061000108718872,0.4077000021934509,0.07169999927282333,0.11240000277757645,0.19769999384880066,0.17880000174045563,0.12150000035762787,0.01769999973475933,0.27390000224113464,0.12309999763965607,0.20880000293254852,0.7598000168800354
ERR9698294_3076,Extracellular,Signal peptide,Soluble,0.11680000275373459,0.08569999784231186,0.8672000169754028,0.05420000106096268,0.17430000007152557,0.07639999687671661,0.08529999852180481,0.12139999866485596,0.10090000182390213,0.0038999998942017555,0.5011000037193298,0.06560000032186508,0.3018999993801117,0.7617999911308289
ERR9769279_34127,Extracellular,Signal peptide,Soluble,0.16329999268054962,0.2167000025510788,0.7123000025749207,0.05249999836087227,0.29820001125335693,0.21250000596046448,0.13379999995231628,0.20170000195503235,0.23880000412464142,0.008799999952316284,0.38269999623298645,0.04969999939203262,0.321399986743927,0.8101000189781189
ERR9844462_623,Extracellular,Signal peptide,Soluble,0.2590000033378601,0.13979999721050262,0.8482000231742859,0.09459999948740005,0.24310000240802765,0.03959999978542328,0.1623000055551529,0.19529999792575836,0.18529999256134033,0.003100000089034438,0.4138999879360199,0.06379999965429306,0.30559998750686646,0.7950000166893005
ERR9936833_584,Extracellular,Signal peptide,Soluble,0.1589999943971634,0.17949999868869781,0.6294999718666077,0.0828000009059906,0.07500000298023224,0.0940999984741211,0.032099999487400055,0.09109999984502792,0.11379999667406082,0.012500000186264515,0.39910000562667847,0.0746999979019165,0.30160000920295715,0.8058000206947327
ERR9936846_204,Extracellular,Signal peptide,Soluble,0.19619999825954437,0.2371000051498413,0.5648000240325928,0.06069999933242798,0.13210000097751617,0.0608999989926815,0.06949999928474426,0.1826999932527542,0.1347000002861023,0.017799999564886093,0.40610000491142273,0.07649999856948853,0.337799996137619,0.8044999837875366
ERR9963791_553102,Extracellular,Signal peptide,Soluble,0.16040000319480896,0.15790000557899475,0.7749000191688538,0.13920000195503235,0.16580000519752502,0.20810000598430634,0.024000000208616257,0.06989999860525131,0.10760000348091125,0.05050000175833702,0.42829999327659607,0.13840000331401825,0.22470000386238098,0.7688999772071838
MGYP000931547452A,Extracellular,Signal peptide,Soluble,0.16779999434947968,0.11100000143051147,0.7310000061988831,0.04969999939203262,0.30630001425743103,0.055799998342990875,0.049800001084804535,0.05820000171661377,0.06520000100135803,0.009999999776482582,0.38350000977516174,0.08070000261068344,0.26759999990463257,0.7868000268936157
P29600.1,Cytoplasm,Nuclear localization signal|Nuclear export signal,Soluble,0.67330002784729,0.3684000074863434,0.45750001072883606,0.23469999432563782,0.38749998807907104,0.21310000121593475,0.12200000137090683,0.1404000073671341,0.18289999663829803,0.0957999974489212,0.5206999778747559,0.06340000033378601,0.16140000522136688,0.8192999958992004
MGYP001010025864A,Cytoplasm,,Soluble,0.7922999858856201,0.42829999327659607,0.34360000491142273,0.10130000114440918,0.2248000055551529,0.04529999941587448,0.37380000948905945,0.19370000064373016,0.23389999568462372,0.1656000018119812,0.33550000190734863,0.0649000033736229,0.3127000033855438,0.7612000107765198
ERR11028298_3008807,Extracellular,Signal peptide,Soluble,0.20430000126361847,0.19269999861717224,0.6898000240325928,0.11940000206232071,0.0997999981045723,0.047600001096725464,0.04540000110864639,0.15639999508857727,0.13459999859333038,0.009999999776482582,0.3711000084877014,0.0885000005364418,0.27720001339912415,0.8192999958992004
MGYP001557180572A,Cytoplasm|Extracellular,Nuclear localization signal,Soluble,0.7239000201225281,0.3650999963283539,0.6424000263214111,0.41260001063346863,0.20069999992847443,0.0835999995470047,0.46369999647140503,0.21860000491142273,0.27459999918937683,0.019999999552965164,0.373199999332428,0.05779999867081642,0.19179999828338623,0.7799999713897705
MGYP002716753343A,Extracellular,Signal peptide,Soluble,0.22290000319480896,0.07999999821186066,0.8812999725341797,0.03909999877214432,0.5189999938011169,0.04560000076889992,0.0860000029206276,0.06379999965429306,0.08799999952316284,0.0003000000142492354,0.28610000014305115,0.10080000013113022,0.13590000569820404,0.770799994468689
MGYP003385382674A,Extracellular,Signal peptide,Soluble,0.31290000677108765,0.15399999916553497,0.7279999852180481,0.1518000066280365,0.06449999660253525,0.008700000122189522,0.2345000058412552,0.08640000224113464,0.09539999812841415,0.019500000402331352,0.45019999146461487,0.06350000202655792,0.22380000352859497,0.8203999996185303
ODU60407.1,Cytoplasm|Extracellular,Nuclear localization signal,Soluble,0.5234000086784363,0.3434000015258789,0.6764000058174133,0.15850000083446503,0.17299999296665192,0.019600000232458115,0.1559000015258789,0.3005000054836273,0.14470000565052032,0.004399999976158142,0.39469999074935913,0.06390000134706497,0.24320000410079956,0.810699999332428
A0A075B5G4,Extracellular,,Soluble,0.3547999858856201,0.19869999587535858,0.7200000286102295,0.3959999978542328,0.1354999989271164,0.010599999688565731,0.27070000767707825,0.12430000305175781,0.0860000029206276,0.08399999886751175,0.3684000074863434,0.040800001472234726,0.20800000429153442,0.8571000099182129
SRR10053376_3326,Extracellular,Signal peptide,Soluble,0.3082999885082245,0.14139999449253082,0.8343999981880188,0.07620000094175339,0.13500000536441803,0.014800000004470348,0.225600004196167,0.0868000015616417,0.241799995303154,0.0006000000284984708,0.4009000062942505,0.08649999648332596,0.22609999775886536,0.7718999981880188
SRR10276843_1765,Extracellular,Signal peptide,Soluble,0.20589999854564667,0.14100000262260437,0.7766000032424927,0.07880000025033951,0.31189998984336853,0.04230000078678131,0.13899999856948853,0.24490000307559967,0.17710000276565552,0.003000000026077032,0.26510000228881836,0.0494999997317791,0.22920000553131104,0.847100019454956
SRR10342238_19559,Extracellular,Signal peptide,Soluble,0.18479999899864197,0.2606000006198883,0.7764000296592712,0.08110000193119049,0.07999999821186066,0.18119999766349792,0.04580000042915344,0.10180000215768814,0.16210000216960907,0.022299999371170998,0.4034999907016754,0.08160000294446945,0.26159998774528503,0.815500020980835
SRR10408973_194281,Extracellular,Signal peptide,Soluble,0.13300000131130219,0.09520000219345093,0.8754000067710876,0.04390000179409981,0.3334999978542328,0.052299998700618744,0.09570000320672989,0.1428000032901764,0.057100001722574234,0.0013000000035390258,0.38690000772476196,0.05040000006556511,0.21770000457763672,0.8241999745368958
SRR10512140_136352,Extracellular,Signal peptide,Soluble,0.11699999868869781,0.1404999941587448,0.883400022983551,0.09009999781847,0.125900000333786,0.07410000264644623,0.06700000166893005,0.11509999632835388,0.16030000150203705,0.01810000091791153,0.44269999861717224,0.0786999985575676,0.24009999632835388,0.7998999953269958
Q0JYJ1,Cytoplasm,,Soluble,0.5094000101089478,0.3149000108242035,0.32739999890327454,0.10379999876022339,0.39419999718666077,0.15379999577999115,0.16099999845027924,0.33180001378059387,0.33550000190734863,0.19419999420642853,0.5648999810218811,0.1446000039577484,0.17520000040531158,0.7080000042915344
AGT96415.1,Endoplasmic reticulum,Signal peptide|Transmembrane domain,Peripheral,0.30140000581741333,0.25859999656677246,0.1964000016450882,0.24140000343322754,0.2556000053882599,0.048500001430511475,0.6496000289916992,0.5579000115394592,0.505299985408783,0.0038999998942017555,0.7605000138282776,0.492900013923645,0.1264999955892563,0.4065999984741211
SRR10663364_103688,Extracellular,Signal peptide,Soluble,0.12600000202655792,0.18729999661445618,0.5410000085830688,0.06040000170469284,0.07800000160932541,0.07509999722242355,0.05829999968409538,0.11420000344514847,0.14149999618530273,0.019999999552965164,0.4271000027656555,0.08110000193119049,0.3305000066757202,0.7918000221252441
SRR10663367_1316324,Cytoplasm,Nuclear localization signal,Soluble,0.708299994468689,0.3774999976158142,0.4814000129699707,0.35409998893737793,0.2517000138759613,0.019300000742077827,0.24449999630451202,0.46399998664855957,0.41179999709129333,0.00570000009611249,0.35839998722076416,0.07689999788999557,0.2624000012874603,0.7946000099182129
AGT90042.1,Cytoplasm,Nuclear localization signal,Soluble,0.8259999752044678,0.16519999504089355,0.21400000154972076,0.2125999927520752,0.13580000400543213,0.06159999966621399,0.18199999630451202,0.3140999972820282,0.1264999955892563,0.0649000033736229,0.5216000080108643,0.044599998742341995,0.18889999389648438,0.7781999707221985
P06873.2,Extracellular,Signal peptide,Soluble,0.14830000698566437,0.028200000524520874,0.8986999988555908,0.029200000688433647,0.0731000006198883,0.0032999999821186066,0.09880000352859497,0.1940000057220459,0.06679999828338623,0.0017000000225380063,0.28630000352859497,0.020899999886751175,0.24580000340938568,0.9085000157356262
SRR14039663_324879,Extracellular,Signal peptide,Soluble,0.1404000073671341,0.11800000071525574,0.828000009059906,0.03889999911189079,0.1485999971628189,0.01860000006854534,0.07410000264644623,0.13860000669956207,0.09440000355243683,0.00279999990016222,0.4327999949455261,0.06300000101327896,0.26989999413490295,0.7817999720573425
RLU00646.1,Extracellular,Signal peptide,Soluble,0.22499999403953552,0.1859000027179718,0.7731000185012817,0.08070000261068344,0.14630000293254852,0.03959999978542328,0.16110000014305115,0.2362000048160553,0.27709999680519104,0.005799999926239252,0.4214000105857849,0.045499999076128006,0.4269999861717224,0.8079000115394592
ERR11028393_217052,Extracellular,Signal peptide,Soluble,0.243599995970726,0.1459999978542328,0.847100019454956,0.02930000051856041,0.41370001435279846,0.024800000712275505,0.19020000100135803,0.16279999911785126,0.12880000472068787,0.0019000000320374966,0.38499999046325684,0.08049999922513962,0.3158000111579895,0.7888000011444092
SRR10663367_452477,Extracellular,Signal peptide,Soluble,0.2651999890804291,0.1371999979019165,0.8644999861717224,0.09679999947547913,0.09269999712705612,0.010999999940395355,0.06710000336170197,0.24570000171661377,0.15559999644756317,0.00139999995008111,0.4438000023365021,0.03799999877810478,0.30480000376701355,0.833299994468689
SRR10848474_194765,Extracellular,Signal peptide,Soluble,0.23960000276565552,0.09929999709129333,0.8840000033378601,0.06159999966621399,0.20110000669956207,0.04410000145435333,0.1729000061750412,0.0812000036239624,0.10350000113248825,0.00139999995008111,0.41429999470710754,0.09570000320672989,0.23899999260902405,0.7696999907493591
SRR10853130_13600-1,Extracellular,Signal peptide,Soluble,0.27730000019073486,0.17270000278949738,0.8791999816894531,0.08560000360012054,0.1850000023841858,0.027799999341368675,0.2021999955177307,0.27140000462532043,0.30230000615119934,0.0017999999690800905,0.4156000018119812,0.046799998730421066,0.40540000796318054,0.8065999746322632
SRR10853130_13600-2,Extracellular,Signal peptide,Soluble,0.1923999935388565,0.16599999368190765,0.875,0.06639999896287918,0.21789999306201935,0.015599999576807022,0.125900000333786,0.14169999957084656,0.16449999809265137,0.00139999995008111,0.4106000065803528,0.04390000179409981,0.38019999861717224,0.8184000253677368
SRR11005201_40376,Extracellular,Signal peptide,Soluble,0.1678999960422516,0.14030000567436218,0.840499997138977,0.08190000057220459,0.1298000067472458,0.0917000025510788,0.08659999817609787,0.12520000338554382,0.11969999969005585,0.02160000056028366,0.45680001378059387,0.059700001031160355,0.34459999203681946,0.7796000242233276
SRR11308339_666916,Extracellular,Signal peptide,Soluble,0.2410999983549118,0.1867000013589859,0.8590999841690063,0.10949999839067459,0.16189999878406525,0.04540000110864639,0.12919999659061432,0.298799991607666,0.2337999939918518,0.002199999988079071,0.27869999408721924,0.03709999844431877,0.3668000102043152,0.8353999853134155
SRR11534412_304166,Extracellular,Signal peptide,Soluble,0.23770000040531158,0.10779999941587448,0.8429999947547913,0.08219999819993973,0.20319999754428864,0.030899999663233757,0.179299995303154,0.25369998812675476,0.1534000039100647,0.004600000102072954,0.34880000352859497,0.05939999967813492,0.2745000123977661,0.8137999773025513
SRR11659431_25115,Extracellular,Signal peptide,Soluble,0.19709999859333038,0.11400000005960464,0.8701000213623047,0.21469999849796295,0.10559999942779541,0.11620000004768372,0.14839999377727509,0.20200000703334808,0.34549999237060547,0.00430000014603138,0.2558000087738037,0.20970000326633453,0.7149999737739563,0.5623999834060669
SRR11729891_316159,Extracellular,Signal peptide,Soluble,0.20430000126361847,0.10779999941587448,0.9124000072479248,0.05810000002384186,0.27320000529289246,0.02630000002682209,0.17730000615119934,0.1834000051021576,0.19509999454021454,0.0017000000225380063,0.35510000586509705,0.03610000014305115,0.4090000092983246,0.8464000225067139
SRR11742962_521374,Extracellular,Signal peptide,Soluble,0.19599999487400055,0.12600000202655792,0.9334999918937683,0.15369999408721924,0.14589999616146088,0.014000000432133675,0.17839999496936798,0.43070000410079956,0.1979999989271164,0.0012000000569969416,0.4205000102519989,0.0892999991774559,0.29660001397132874,0.7412999868392944
SRR12266064_2045115,Extracellular,Signal peptide,Soluble,0.16339999437332153,0.17139999568462372,0.6732000112533569,0.06650000065565109,0.09279999881982803,0.06440000236034393,0.05770000070333481,0.20550000667572021,0.17419999837875366,0.00989999994635582,0.4429999887943268,0.04470000043511391,0.2896000146865845,0.8353999853134155
WP_054022242.1,Extracellular,Signal peptide,Soluble,0.1080000028014183,0.10130000114440918,0.8618999719619751,0.06769999861717224,0.23749999701976776,0.08950000256299973,0.026799999177455902,0.09839999675750732,0.03830000013113022,0.0035000001080334187,0.3617999851703644,0.05310000106692314,0.26010000705718994,0.8144000172615051
SRR12266064_29780,Extracellular,Signal peptide,Soluble,0.19619999825954437,0.2175000011920929,0.5103999972343445,0.13199999928474426,0.06080000102519989,0.19449999928474426,0.06909999996423721,0.15680000185966492,0.27570000290870667,0.0560000017285347,0.4708999991416931,0.12120000272989273,0.3562000095844269,0.7379999756813049
Q6A0I4,Extracellular,Signal peptide,Soluble,0.17880000174045563,0.10700000077486038,0.9111999869346619,0.062300000339746475,0.18389999866485596,0.0697999969124794,0.14949999749660492,0.09459999948740005,0.09510000050067902,0.0006000000284984708,0.42989999055862427,0.07890000194311142,0.36640000343322754,0.7078999876976013
AR241010_12,Extracellular,Signal peptide,Soluble,0.18320000171661377,0.1412999927997589,0.7851999998092651,0.050700001418590546,0.1818999946117401,0.055399999022483826,0.039500001817941666,0.21320000290870667,0.12269999831914902,0.017000000923871994,0.40230000019073486,0.03920000046491623,0.35679998993873596,0.8188999891281128
ERR11484209_22782,Extracellular,,Soluble,0.3248000144958496,0.3391999900341034,0.9509000182151794,0.17270000278949738,0.14319999516010284,0.08420000225305557,0.0478999987244606,0.13950000703334808,0.03550000116229057,0.013799999840557575,0.3481999933719635,0.03150000050663948,0.31049999594688416,0.8432000279426575
ERR12115642_305438,Extracellular,Signal peptide,Soluble,0.1712000072002411,0.13410000503063202,0.8080000281333923,0.039400000125169754,0.23579999804496765,0.03819999843835831,0.3262999951839447,0.3377000093460083,0.31630000472068787,0.003599999938160181,0.4352000057697296,0.07660000026226044,0.22779999673366547,0.7660999894142151
SRR12266064_85133,Extracellular,Signal peptide,Soluble,0.1306000053882599,0.20479999482631683,0.8259999752044678,0.07689999788999557,0.14059999585151672,0.07100000232458115,0.14069999754428864,0.2401999980211258,0.2696000039577484,0.010599999688565731,0.5060999989509583,0.05469999834895134,0.24009999632835388,0.7958999872207642
SRR12347921_19312,Extracellular,Signal peptide,Soluble,0.1396999955177307,0.2223999947309494,0.6912999749183655,0.09939999878406525,0.12300000339746475,0.0989999994635582,0.09759999811649323,0.1467999964952469,0.1776999980211258,0.00989999994635582,0.4652999937534332,0.07980000227689743,0.3352000117301941,0.7774999737739563
SRR12363492_1178,Extracellular,,Soluble,0.21639999747276306,0.1264999955892563,0.6539000272750854,0.14090000092983246,0.3086000084877014,0.10890000313520432,0.1331000030040741,0.0778999999165535,0.1615000069141388,0.004900000058114529,0.5896999835968018,0.3614000082015991,0.4426000118255615,0.5181000232696533
SRR12678602_62414,Extracellular,Signal peptide,Soluble,0.12449999898672104,0.07249999791383743,0.8934999704360962,0.05339999869465828,0.16439999639987946,0.062199998646974564,0.08959999680519104,0.08129999786615372,0.04569999873638153,0.001500000013038516,0.41909998655319214,0.06700000166893005,0.27129998803138733,0.7792999744415283
SRR12681888_1225841,Extracellular,Signal peptide,Soluble,0.2948000133037567,0.17669999599456787,0.7839999794960022,0.1581999957561493,0.06350000202655792,0.051100000739097595,0.17599999904632568,0.13009999692440033,0.3571999967098236,0.014399999752640724,0.3278000056743622,0.1429000049829483,0.5040000081062317,0.6506999731063843
WP_058088494.1,Extracellular,Signal peptide,Soluble,0.1281999945640564,0.09969999641180038,0.7603999972343445,0.07680000364780426,0.1014999970793724,0.04089999943971634,0.029899999499320984,0.09189999848604202,0.0430000014603138,0.016100000590085983,0.47450000047683716,0.06080000102519989,0.28790000081062317,0.7797999978065491
ASA57064.1,Extracellular,Signal peptide,Soluble,0.1834000051021576,0.1598999947309494,0.6977999806404114,0.051600001752376556,0.21369999647140503,0.019600000232458115,0.40880000591278076,0.21559999883174896,0.17419999837875366,0.000699999975040555,0.498199999332428,0.057500001043081284,0.24549999833106995,0.7657999992370605
BAN42606.1,Extracellular,Signal peptide,Soluble,0.12370000034570694,0.03999999910593033,0.9706000089645386,0.04360000044107437,0.10429999977350235,0.007199999876320362,0.06610000133514404,0.0608999989926815,0.048500001430511475,0.0012000000569969416,0.444599986076355,0.03500000014901161,0.2353000044822693,0.8694000244140625
ERR2900754_66884,Extracellular,Signal peptide,Soluble,0.1695999950170517,0.0885000005364418,0.9054999947547913,0.17470000684261322,0.13740000128746033,0.025299999862909317,0.23019999265670776,0.36320000886917114,0.17149999737739563,0.0010000000474974513,0.4016999900341034,0.07940000295639038,0.2953000068664551,0.7544999718666077
ERR3305565_5448,Extracellular,Signal peptide,Soluble,0.2125999927520752,0.07280000299215317,0.9156000018119812,0.11980000138282776,0.15610000491142273,0.0658000037074089,0.17229999601840973,0.17319999635219574,0.19480000436306,0.002300000051036477,0.3930000066757202,0.12870000302791595,0.22120000422000885,0.714900016784668
ERR3566182_370096,Extracellular,Signal peptide,Soluble,0.18320000171661377,0.12890000641345978,0.7663000226020813,0.06369999796152115,0.15629999339580536,0.021900000050663948,0.13269999623298645,0.18619999289512634,0.17820000648498535,0.001500000013038516,0.32679998874664307,0.09390000253915787,0.40119999647140503,0.7791000008583069
DRR016455_58,Extracellular,Signal peptide,Soluble,0.23759999871253967,0.12729999423027039,0.7990000247955322,0.07410000264644623,0.31709998846054077,0.057500001043081284,0.13289999961853027,0.15800000727176666,0.1737000048160553,0.0012000000569969416,0.4496999979019165,0.07999999821186066,0.3292999863624573,0.7504000067710876
AR241010_13,Extracellular,Signal peptide,Soluble,0.19529999792575836,0.1460999995470047,0.8666999936103821,0.08699999749660492,0.1745000034570694,0.13529999554157257,0.045099999755620956,0.20340000092983246,0.15080000460147858,0.06710000336170197,0.2743000090122223,0.03180000185966492,0.48089998960494995,0.8687999844551086
AR241010_134,Extracellular,Signal peptide,Soluble,0.1784999966621399,0.11699999868869781,0.7060999870300293,0.07609999924898148,0.1688999980688095,0.06790000200271606,0.041600000113248825,0.1306000053882599,0.1274999976158142,0.017899999395012856,0.4113999903202057,0.05169999971985817,0.3215000033378601,0.8021000027656555
DRR046399_6024,Extracellular,Signal peptide,Soluble,0.15039999783039093,0.08829999715089798,0.8794000148773193,0.10989999771118164,0.11190000176429749,0.025299999862909317,0.0869000032544136,0.20440000295639038,0.13379999995231628,0.004100000020116568,0.43059998750686646,0.04600000008940697,0.2946999967098236,0.8058000206947327
ERR1346831_178792,Extracellular,Signal peptide,Soluble,0.16930000483989716,0.13420000672340393,0.60589998960495,0.046799998730421066,0.21629999577999115,0.0925000011920929,0.052299998700618744,0.14180000126361847,0.07129999995231628,0.006200000178068876,0.35019999742507935,0.07639999687671661,0.32989999651908875,0.7943000197410583
ERR1579315_76907,Extracellular,Signal peptide,Soluble,0.13519999384880066,0.1535000056028366,0.7964000105857849,0.09809999912977219,0.23489999771118164,0.01810000091791153,0.12470000237226486,0.20819999277591705,0.18070000410079956,0.00279999990016222,0.25429999828338623,0.03739999979734421,0.45719999074935913,0.8004000186920166
ERR2752155_114826,Extracellular,Signal peptide,Soluble,0.19189999997615814,0.11559999734163284,0.8844000101089478,0.09950000047683716,0.22429999709129333,0.02800000086426735,0.08860000222921371,0.1446000039577484,0.1599999964237213,0.0015999999595806003,0.39149999618530273,0.03500000014901161,0.42480000853538513,0.8392999768257141
SRR12681888_1997285,Extracellular,Signal peptide,Soluble,0.14880000054836273,0.25060001015663147,0.586899995803833,0.0812000036239624,0.06960000097751617,0.10570000112056732,0.05420000106096268,0.15160000324249268,0.13979999721050262,0.06880000233650208,0.4011000096797943,0.0828000009059906,0.2863999903202057,0.7943999767303467
SRR12687296_626766,Extracellular,Signal peptide,Soluble,0.13899999856948853,0.16410000622272491,0.8281000256538391,0.07859999686479568,0.14820000529289246,0.0210999995470047,0.1143999993801117,0.26030001044273376,0.1973000019788742,0.005900000222027302,0.2842999994754791,0.03290000185370445,0.357699990272522,0.8654999732971191
AR241010_11,Extracellular,Signal peptide,Soluble,0.1890999972820282,0.09520000219345093,0.7651000022888184,0.0658000037074089,0.1559000015258789,0.04809999838471413,0.05849999934434891,0.14149999618530273,0.12809999287128448,0.008299999870359898,0.3646000027656555,0.04659999907016754,0.37119999527931213,0.8148999810218811
AR241010_14,Extracellular,Signal peptide,Soluble,0.21480000019073486,0.20569999516010284,0.8012999892234802,0.08380000293254852,0.2964000105857849,0.035999998450279236,0.05220000073313713,0.262800008058548,0.1745000034570694,0.006000000052154064,0.4092999994754791,0.027899999171495438,0.41589999198913574,0.8453999757766724
DRR056885_121,Extracellular,Signal peptide,Soluble,0.10350000113248825,0.08910000324249268,0.8928999900817871,0.04340000078082085,0.17679999768733978,0.035999998450279236,0.04490000009536743,0.17659999430179596,0.0746999979019165,0.010700000450015068,0.40869998931884766,0.04600000008940697,0.2639999985694885,0.8267999887466431
DRR322242_2006,Extracellular,Signal peptide,Soluble,0.20020000636577606,0.0714000016450882,0.9225999712944031,0.06210000067949295,0.27160000801086426,0.03269999846816063,0.163100004196167,0.09300000220537186,0.09769999980926514,0.0003000000142492354,0.45350000262260437,0.0649000033736229,0.27230000495910645,0.7890999913215637
DRR378781_602206,Cytoplasm,Nuclear localization signal,Soluble,0.42879998683929443,0.2492000013589859,0.5127999782562256,0.1753000020980835,0.15469999611377716,0.003599999938160181,0.23270000517368317,0.46389999985694885,0.3617999851703644,0.0017000000225380063,0.47110000252723694,0.030500000342726707,0.2827000021934509,0.8288999795913696
DRR509554_23646,Extracellular,Signal peptide,Soluble,0.19359999895095825,0.09040000289678574,0.8977000117301941,0.048700001090765,0.20149999856948853,0.06840000301599503,0.06729999929666519,0.23759999871253967,0.1298000067472458,0.007799999788403511,0.4498000144958496,0.052299998700618744,0.26499998569488525,0.7893000245094299
SRR12693835_33628,Extracellular,,Soluble,0.41040000319480896,0.29820001125335693,0.8773999810218811,0.23849999904632568,0.14229999482631683,0.009999999776482582,0.13009999692440033,0.2741999924182892,0.13300000131130219,0.0027000000700354576,0.461899995803833,0.04179999977350235,0.38929998874664307,0.8050000071525574
SRR13207077_558,Extracellular,,Soluble,0.1395999938249588,0.2937000095844269,0.5198000073432922,0.06759999692440033,0.10180000215768814,0.12250000238418579,0.024399999529123306,0.09229999780654907,0.08630000054836273,0.019099999219179153,0.3946000039577484,0.05739999935030937,0.29829999804496765,0.8210999965667725
SRR13325290_214718,Extracellular,Signal peptide,Soluble,0.1581999957561493,0.13009999692440033,0.7232999801635742,0.07919999957084656,0.15289999544620514,0.048500001430511475,0.053700000047683716,0.09730000048875809,0.0640999972820282,0.007600000128149986,0.46369999647140503,0.07569999992847443,0.29660001397132874,0.7767000198364258
SRR13512914_81978,Extracellular,Signal peptide,Soluble,0.1581999957561493,0.24379999935626984,0.5554999709129333,0.10339999943971634,0.06889999657869339,0.18050000071525574,0.0625,0.11710000038146973,0.10639999806880951,0.03959999978542328,0.4278999865055084,0.07810000330209732,0.2921999990940094,0.807200014591217
SRR13588849_74531,Extracellular,Signal peptide,Soluble,0.11490000039339066,0.05649999901652336,0.9316999912261963,0.1492999941110611,0.058400001376867294,0.049400001764297485,0.15919999778270721,0.5543000102043152,0.13760000467300415,0.005799999926239252,0.42239999771118164,0.05570000037550926,0.3111000061035156,0.7882000207901001
SRR13588904_28417,Extracellular,Signal peptide,Soluble,0.25380000472068787,0.11659999936819077,0.8495000004768372,0.09309999644756317,0.0885000005364418,0.017100000753998756,0.33090001344680786,0.14650000631809235,0.2540000081062317,0.0010000000474974513,0.34709998965263367,0.12950000166893005,0.17649999260902405,0.7386000156402588
WP_090538641.1,Extracellular,Signal peptide,Soluble,0.186599999666214,0.08420000225305557,0.8640000224113464,0.06279999762773514,0.2892000079154968,0.02800000086426735,0.1703999936580658,0.18170000612735748,0.13189999759197235,0.00139999995008111,0.37139999866485596,0.051899999380111694,0.33959999680519104,0.8223999738693237
AR241010_152_M4,Extracellular,Signal peptide,Soluble,0.17389999330043793,0.14419999718666077,0.8264999985694885,0.09510000050067902,0.10520000010728836,0.06459999829530716,0.062300000339746475,0.14470000565052032,0.0949999988079071,0.006399999838322401,0.4643999934196472,0.04749999940395355,0.27059999108314514,0.8192999958992004
AR241010_142,Extracellular,Signal peptide,Soluble,0.15639999508857727,0.07989999651908875,0.8039000034332275,0.06599999964237213,0.20010000467300415,0.03550000116229057,0.059700001031160355,0.13740000128746033,0.07980000227689743,0.005100000184029341,0.3799999952316284,0.04699999839067459,0.33309999108314514,0.8075000047683716
AR241010_152,Extracellular,Signal peptide,Soluble,0.09929999709129333,0.09019999951124191,0.6707000136375427,0.07180000096559525,0.17870000004768372,0.08030000329017639,0.03830000013113022,0.08659999817609787,0.05979999899864197,0.011699999682605267,0.37380000948905945,0.044199999421834946,0.32100000977516174,0.830299973487854
NP_009214.1,Cytoplasm|Endoplasmic reticulum,Nuclear export signal,Peripheral|Soluble,0.5979999899864197,0.3935000002384186,0.029400000348687172,0.20550000667572021,0.3174000084400177,0.02410000003874302,0.628000020980835,0.487199991941452,0.5584999918937683,0.05469999834895134,0.6294000148773193,0.13529999554157257,0.45170000195503235,0.6510999798774719
Q0K7T2,Cytoplasm,,Peripheral|Soluble,0.4722000062465668,0.08049999922513962,0.44190001487731934,0.19050000607967377,0.3580000102519989,0.13410000503063202,0.12399999797344208,0.2603999972343445,0.5019000172615051,0.07119999825954437,0.6039000153541565,0.16169999539852142,0.23680000007152557,0.6407999992370605
SRR13589008_41305,Extracellular,Signal peptide,Soluble,0.17749999463558197,0.1704999953508377,0.5978000164031982,0.08169999718666077,0.08009999990463257,0.062300000339746475,0.06319999694824219,0.12030000239610672,0.10649999976158142,0.010099999606609344,0.38269999623298645,0.0729999989271164,0.3179999887943268,0.8084999918937683
Q7WXF6,Cytoplasm,Peroxisomal targeting signal,Soluble,0.7699999809265137,0.3149999976158142,0.38839998841285706,0.1265999972820282,0.38109999895095825,0.043699998408555984,0.19210000336170197,0.33090001344680786,0.34220001101493835,0.41819998621940613,0.4009000062942505,0.15389999747276306,0.10939999669790268,0.769599974155426
SRR13614386_485083,Extracellular,Signal peptide,Soluble,0.16189999878406525,0.07919999957084656,0.8306000232696533,0.11289999634027481,0.14020000398159027,0.013700000010430813,0.07329999655485153,0.23160000145435333,0.11289999634027481,0.0012000000569969416,0.35409998893737793,0.049800001084804535,0.3425000011920929,0.8335000276565552
SRR13969208_105,Extracellular,Signal peptide,Soluble,0.1873999983072281,0.13410000503063202,0.7882999777793884,0.04749999940395355,0.2768000066280365,0.015599999576807022,0.24879999458789825,0.13079999387264252,0.09260000288486481,0.000699999975040555,0.39719998836517334,0.07159999758005142,0.22849999368190765,0.7806000113487244
SRR13979328_189838,Extracellular,Signal peptide,Soluble,0.15880000591278076,0.10010000318288803,0.8550999760627747,0.05079999938607216,0.26739999651908875,0.053700000047683716,0.04899999871850014,0.16990000009536743,0.05609999969601631,0.0032999999821186066,0.383899986743927,0.05339999869465828,0.24770000576972961,0.8066999912261963
SRR14039858_50158,Extracellular,Signal peptide,Soluble,0.45570001006126404,0.23919999599456787,0.91839998960495,0.2232999950647354,0.04919999837875366,0.10140000283718109,0.06080000102519989,0.032600000500679016,0.12430000305175781,0.0272000003606081,0.2662000060081482,0.07739999890327454,0.2872999906539917,0.8151000142097473
SRR14039970_584981,Extracellular,Signal peptide,Soluble,0.1842000037431717,0.08449999988079071,0.7976999878883362,0.04910000041127205,0.383899986743927,0.061900001019239426,0.09790000319480896,0.164900004863739,0.10040000081062317,0.0027000000700354576,0.35269999504089355,0.061900001019239426,0.2987000048160553,0.8094000220298767
SRR14073695_161111,Extracellular,Signal peptide,Soluble,0.1356000006198883,0.17900000512599945,0.8513000011444092,0.09749999642372131,0.10159999877214432,0.18619999289512634,0.07039999961853027,0.2533999979496002,0.17900000512599945,0.013399999588727951,0.4440999925136566,0.05950000137090683,0.34929999709129333,0.802299976348877
SRR14073695_33712,Extracellular,Signal peptide,Soluble,0.1941000074148178,0.0812000036239624,0.9502000212669373,0.08330000191926956,0.21040000021457672,0.035999998450279236,0.06719999760389328,0.188400000333786,0.09099999815225601,0.012500000186264515,0.44279998540878296,0.052299998700618744,0.3255000114440918,0.8169000148773193
AR241010_152_M1,Extracellular,Signal peptide,Soluble,0.15729999542236328,0.3244999945163727,0.526199996471405,0.08460000157356262,0.09099999815225601,0.10350000113248825,0.03550000116229057,0.10589999705553055,0.1265999972820282,0.04910000041127205,0.3935999870300293,0.06080000102519989,0.3165000081062317,0.8199999928474426
AR241010_152_M3,Extracellular,Signal peptide,Soluble,0.12610000371932983,0.2847000062465668,0.5792999863624573,0.08789999783039093,0.06210000067949295,0.12359999865293503,0.06499999761581421,0.19910000264644623,0.20229999721050262,0.07599999755620956,0.4399999976158142,0.07000000029802322,0.3285999894142151,0.7932999730110168
WP_003460012.1,Endoplasmic reticulum,Signal peptide,Peripheral|Soluble,0.14650000631809235,0.0649000033736229,0.44940000772476196,0.18490000069141388,0.4918000102043152,0.006599999964237213,0.5978000164031982,0.14740000665187836,0.12219999730587006,0.00039999998989515007,0.6065000295639038,0.22679999470710754,0.08659999817609787,0.593999981880188
AR241010_154,Extracellular,Signal peptide,Soluble,0.11240000277757645,0.08399999886751175,0.8895000219345093,0.05909999832510948,0.22339999675750732,0.09319999814033508,0.05389999970793724,0.14100000262260437,0.05889999866485596,0.0044999998062849045,0.3792000114917755,0.05050000175833702,0.24580000340938568,0.8151000142097473
AR241010_169,Extracellular,Signal peptide,Soluble,0.17790000140666962,0.3222000002861023,0.5946999788284302,0.08129999786615372,0.08669999986886978,0.08659999817609787,0.03959999978542328,0.10970000177621841,0.13109999895095825,0.0421999990940094,0.41690000891685486,0.06379999965429306,0.3741999864578247,0.8123000264167786
AR241010_169_M1,Cytoplasm|Extracellular,Signal peptide,Soluble,0.5674999952316284,0.3456999957561493,0.8978000283241272,0.11680000275373459,0.11969999969005585,0.03139999881386757,0.2879999876022339,0.4697999954223633,0.16300000250339508,0.008500000461935997,0.4147999882698059,0.039799999445676804,0.32670000195503235,0.8206999897956848
SRR12266064_2045115_M1,Extracellular,Signal peptide,Soluble,0.3765999972820282,0.18320000171661377,0.9388999938964844,0.13750000298023224,0.07079999893903732,0.033900000154972076,0.0714000016450882,0.26910001039505005,0.08340000361204147,0.014100000262260437,0.35690000653266907,0.035999998450279236,0.2870999872684479,0.8574000000953674
AR241010_17,Extracellular,Signal peptide,Soluble,0.19140000641345978,0.15700000524520874,0.84170001745224,0.07680000364780426,0.2985000014305115,0.030300000682473183,0.05299999937415123,0.19740000367164612,0.14329999685287476,0.002099999925121665,0.35899999737739563,0.026499999687075615,0.37290000915527344,0.85589998960495
AR241010_173,Extracellular,Signal peptide,Soluble,0.1477999985218048,0.23100000619888306,0.548799991607666,0.10010000318288803,0.06689999997615814,0.0843999981880188,0.031700000166893005,0.08709999918937683,0.09690000116825104,0.018699999898672104,0.3871000111103058,0.04989999905228615,0.3197000026702881,0.8413000106811523
AR241010_33,Extracellular,Signal peptide,Soluble,0.16979999840259552,0.16220000386238098,0.7936999797821045,0.1185000017285347,0.25,0.015599999576807022,0.09650000184774399,0.17069999873638153,0.13600000739097595,0.002099999925121665,0.260699987411499,0.04479999840259552,0.39879998564720154,0.7795000076293945
AR241010_43,Extracellular,Signal peptide,Soluble,0.1817999929189682,0.1316000074148178,0.8230000138282776,0.07280000299215317,0.350600004196167,0.05779999867081642,0.08980000019073486,0.1817999929189682,0.15240000188350677,0.002099999925121665,0.38600000739097595,0.03819999843835831,0.3619999885559082,0.8345000147819519
AR241010_73,Extracellular,Signal peptide,Soluble,0.23360000550746918,0.10409999638795853,0.9025999903678894,0.10209999978542328,0.16869999468326569,0.14000000059604645,0.09860000014305115,0.2563000023365021,0.22300000488758087,0.025699999183416367,0.26589998602867126,0.03689999878406525,0.42160001397132874,0.8644000291824341
ERR10123727_166025,Extracellular,Signal peptide,Soluble,0.11289999634027481,0.08139999955892563,0.8547000288963318,0.06650000065565109,0.299699991941452,0.054999999701976776,0.1257999986410141,0.14489999413490295,0.09109999984502792,0.003000000026077032,0.3384000062942505,0.03849999979138374,0.3093000054359436,0.8489999771118164
ERR2762187_7288,Extracellular,Signal peptide,Soluble,0.16850000619888306,0.13770000636577606,0.909600019454956,0.039900001138448715,0.2483000010251999,0.07970000058412552,0.14139999449253082,0.15199999511241913,0.16830000281333923,0.004100000020116568,0.4334000051021576,0.033399999141693115,0.4684999883174896,0.8357999920845032
ERR3697023_14244245,Extracellular,Signal peptide,Soluble,0.13729999959468842,0.266400009393692,0.6302000284194946,0.06800000369548798,0.07769999653100967,0.14749999344348907,0.0640999972820282,0.21289999783039093,0.2870999872684479,0.02590000070631504,0.4602999985218048,0.06960000097751617,0.2930999994277954,0.791700005531311
ERR4592245_1642075,Cytoplasm|Extracellular,,Soluble,0.6717000007629395,0.34619998931884766,0.8034999966621399,0.20890000462532043,0.05889999866485596,0.020400000736117363,0.08020000159740448,0.0851999968290329,0.07720000296831131,0.010599999688565731,0.3698999881744385,0.04830000177025795,0.3273000121116638,0.7978000044822693
ERR4674853_86664,Extracellular,Signal peptide,Soluble,0.16359999775886536,0.06530000269412994,0.7626000046730042,0.07169999927282333,0.06710000336170197,0.0794999971985817,0.2718999981880188,0.3458000123500824,0.14079999923706055,0.011300000362098217,0.42309999465942383,0.05939999967813492,0.32670000195503235,0.7961999773979187
ERR4801149_9489,Extracellular,Signal peptide,Soluble,0.3626999855041504,0.17270000278949738,0.8826000094413757,0.04280000180006027,0.13650000095367432,0.011900000274181366,0.47699999809265137,0.3917999863624573,0.2962000072002411,0.0005000000237487257,0.38850000500679016,0.050200000405311584,0.2700999975204468,0.8458999991416931
AR241010_100,Extracellular,Signal peptide,Soluble,0.1177000030875206,0.09830000251531601,0.781499981880188,0.05640000104904175,0.1266999989748001,0.052799999713897705,0.03099999949336052,0.1736000031232834,0.09210000187158585,0.01640000008046627,0.4641000032424927,0.043299999088048935,0.32919999957084656,0.7914000153541565
AR241010_56,Extracellular,Signal peptide,Soluble,0.24719999730587006,0.1875,0.8414999842643738,0.09309999644756317,0.2736000120639801,0.023600000888109207,0.121799997985363,0.26159998774528503,0.25290000438690186,0.002400000113993883,0.40149998664855957,0.03350000083446503,0.4350999891757965,0.8363000154495239
ERR4856268_964317,Cytoplasm,,Soluble,0.5838000178337097,0.2092999964952469,0.5338000059127808,0.12839999794960022,0.057500001043081284,0.04879999905824661,0.1306000053882599,0.33079999685287476,0.19120000302791595,0.00839999970048666,0.32850000262260437,0.09520000219345093,0.35989999771118164,0.8163999915122986
ERR9287623_1288104,Extracellular,Signal peptide,Soluble,0.14169999957084656,0.15889999270439148,0.8754000067710876,0.06759999692440033,0.19280000030994415,0.016699999570846558,0.2587999999523163,0.26969999074935913,0.2290000021457672,0.0019000000320374966,0.218299999833107,0.03929999843239784,0.492000013589859,0.8120999932289124
AR241010_74,Extracellular,Signal peptide,Soluble,0.23839999735355377,0.1071000024676323,0.9039000272750854,0.10029999911785126,0.16670000553131104,0.14270000159740448,0.09120000153779984,0.2624000012874603,0.22709999978542328,0.028999999165534973,0.2655999958515167,0.03629999980330467,0.41819998621940613,0.864300012588501
AR241010_8,Extracellular,Signal peptide,Soluble,0.17589999735355377,0.20080000162124634,0.6665999889373779,0.1111999973654747,0.12280000001192093,0.11429999768733978,0.030899999663233757,0.10159999877214432,0.10589999705553055,0.03269999846816063,0.40549999475479126,0.051600001752376556,0.361299991607666,0.8258000016212463
AR241010_86,Extracellular,Signal peptide,Soluble,0.2273000031709671,0.0640999972820282,0.8840000033378601,0.11400000005960464,0.1979999989271164,0.04899999871850014,0.27079999446868896,0.2572999894618988,0.16820000112056732,0.00139999995008111,0.33500000834465027,0.07569999992847443,0.398499995470047,0.6722999811172485
CDO67308.1,Extracellular,Signal peptide,Soluble,0.18119999766349792,0.06270000338554382,0.8547000288963318,0.07729999721050262,0.10999999940395355,0.029200000688433647,0.32690000534057617,0.22130000591278076,0.12600000202655792,0.004800000227987766,0.2637999951839447,0.09470000118017197,0.15479999780654907,0.8561000227928162
WP_054022242.1_M1,Extracellular,Signal peptide,Soluble,0.10740000009536743,0.09799999743700027,0.8519999980926514,0.06639999896287918,0.25189998745918274,0.08179999887943268,0.026900000870227814,0.10499999672174454,0.039500001817941666,0.0034000000450760126,0.36000001430511475,0.052799999713897705,0.263700008392334,0.8166999816894531
SRR20309463_795_M2,Extracellular,Signal peptide,Soluble,0.17229999601840973,0.15870000422000885,0.6621999740600586,0.07620000094175339,0.09769999980926514,0.05400000140070915,0.08489999920129776,0.2029000073671341,0.18279999494552612,0.006399999838322401,0.4438000023365021,0.04390000179409981,0.3111000061035156,0.8176000118255615
SRR21419831_257710_M1,Extracellular,Signal peptide,Soluble,0.37929999828338623,0.272599995136261,0.9228000044822693,0.12919999659061432,0.09809999912977219,0.07609999924898148,0.2223999947309494,0.3391999900341034,0.16050000488758087,0.0071000000461936,0.41440001130104065,0.03909999877214432,0.30889999866485596,0.8291000127792358
ERR11028298_3008807_M1,Extracellular,,Soluble,0.4706999957561493,0.35519999265670776,0.8913999795913696,0.10249999910593033,0.23579999804496765,0.04659999907016754,0.2768999934196472,0.43549999594688416,0.2345000058412552,0.004000000189989805,0.3133000135421753,0.07620000094175339,0.2815999984741211,0.8163999915122986
ERR10482439_252531,Extracellular,Signal peptide,Soluble,0.19609999656677246,0.09610000252723694,0.946399986743927,0.06310000270605087,0.3278999924659729,0.022700000554323196,0.0738999992609024,0.09769999980926514,0.03920000046491623,0.0008999999845400453,0.4034000039100647,0.0738999992609024,0.19830000400543213,0.7670000195503235
ERR3697023_14244245_M1,Extracellular,Signal peptide,Soluble,0.33869999647140503,0.15459999442100525,0.9667999744415283,0.14830000698566437,0.05420000106096268,0.06379999965429306,0.195700004696846,0.2502000033855438,0.08320000022649765,0.010900000110268593,0.3215999901294708,0.039900001138448715,0.3043000102043152,0.8457000255584717
SRR13589008_41305_M1,Extracellular,,Soluble,0.4171000123023987,0.42579999566078186,0.8180000185966492,0.12630000710487366,0.14480000734329224,0.019700000062584877,0.2467000037431717,0.532800018787384,0.17170000076293945,0.00570000009611249,0.42660000920295715,0.050200000405311584,0.29280000925064087,0.8043000102043152
SRR22234379_583440_M2,Extracellular,Signal peptide,Soluble,0.19779999554157257,0.18379999697208405,0.6772000193595886,0.0658000037074089,0.10040000081062317,0.05380000174045563,0.08259999752044678,0.19519999623298645,0.20520000159740448,0.008500000461935997,0.44130000472068787,0.04820000007748604,0.30869999527931213,0.8208000063896179
EAU33188.1,Extracellular,Signal peptide,Soluble,0.13529999554157257,0.04399999976158142,0.9769999980926514,0.06790000200271606,0.06019999831914902,0.014999999664723873,0.06069999933242798,0.10490000247955322,0.05139999836683273,0.003599999938160181,0.2085999995470047,0.055799998342990875,0.1981000006198883,0.8738999962806702
WP_368774901.1,Cytoplasm|Nucleus,Nuclear localization signal|Nuclear export signal,Soluble,0.7735999822616577,0.5288000106811523,0.09790000319480896,0.24070000648498535,0.3765999972820282,0.16210000216960907,0.17630000412464142,0.10109999775886536,0.15070000290870667,0.0203000009059906,0.5120999813079834,0.07940000295639038,0.13050000369548798,0.8259000182151794
AAB80880.1,Cytoplasm,,Soluble,0.8629000186920166,0.30070000886917114,0.15539999306201935,0.19359999895095825,0.1014999970793724,0.031300000846385956,0.19850000739097595,0.28380000591278076,0.1340000033378601,0.060499999672174454,0.3962000012397766,0.17180000245571136,0.0949999988079071,0.7598000168800354
CAC83933.1,Extracellular,Signal peptide,Soluble,0.20340000092983246,0.031199999153614044,0.9196000099182129,0.08169999718666077,0.07450000196695328,0.006899999920278788,0.17960000038146973,0.30399999022483826,0.08820000290870667,0.001500000013038516,0.1973000019788742,0.07029999792575836,0.164000004529953,0.892300009727478
WP_054022242.1_M11,Extracellular,Signal peptide,Soluble,0.1754000037908554,0.14010000228881836,0.8137000203132629,0.10379999876022339,0.1264999955892563,0.05869999900460243,0.06040000170469284,0.12759999930858612,0.08470000326633453,0.004699999932199717,0.44359999895095825,0.050999999046325684,0.2409999966621399,0.8180999755859375
SRR19414414_32612_M1,Extracellular,Signal peptide,Soluble,0.45010000467300415,0.30559998750686646,0.8536999821662903,0.1379999965429306,0.15000000596046448,0.030500000342726707,0.34940001368522644,0.5503000020980835,0.21279999613761902,0.00570000009611249,0.4325999915599823,0.060600001364946365,0.24869999289512634,0.7875999808311462
SRR20309463_795_M3,Extracellular,Signal peptide,Soluble,0.1428000032901764,0.2628999948501587,0.6026999950408936,0.09669999778270721,0.062300000339746475,0.09539999812841415,0.09279999881982803,0.22669999301433563,0.2578999996185303,0.05270000174641609,0.43950000405311584,0.06310000270605087,0.32829999923706055,0.7925999760627747
SRR20309463_795_M4,Extracellular,Signal peptide,Soluble,0.19140000641345978,0.14149999618530273,0.8224999904632568,0.10369999706745148,0.1014999970793724,0.05119999870657921,0.08569999784231186,0.1550000011920929,0.11659999936819077,0.00419999985024333,0.4580000042915344,0.04619999974966049,0.2669999897480011,0.8155999779701233
SRR22234379_583440_M3,Extracellular,Signal peptide,Soluble,0.18019999563694,0.3073999881744385,0.6202999949455261,0.0843999981880188,0.06620000302791595,0.11699999868869781,0.08129999786615372,0.2587999999523163,0.3208000063896179,0.06780000030994415,0.44029998779296875,0.06939999759197235,0.3257000148296356,0.7964000105857849
WP_054022242.1_M2,Extracellular,Nuclear localization signal,Soluble,0.41519999504089355,0.38510000705718994,0.7479000091552734,0.14509999752044678,0.07769999653100967,0.06759999692440033,0.243599995970726,0.3546999990940094,0.13199999928474426,0.00419999985024333,0.35519999265670776,0.051100000739097595,0.2955999970436096,0.7890999913215637
WP_054022242.1_M3,Extracellular,Signal peptide,Soluble,0.16140000522136688,0.31310001015663147,0.5059000253677368,0.09189999848604202,0.09690000116825104,0.0997999981045723,0.03660000115633011,0.09830000251531601,0.12150000035762787,0.04600000008940697,0.3765000104904175,0.0632999986410141,0.2791000008583069,0.8190000057220459
WP_054022242.1_M5,Extracellular,Signal peptide,Soluble,0.12960000336170197,0.2840000092983246,0.5778999924659729,0.0949999988079071,0.06800000369548798,0.12639999389648438,0.06289999932050705,0.1873999983072281,0.19339999556541443,0.07649999856948853,0.4140999913215637,0.07129999995231628,0.3018999993801117,0.7936000227928162
ERR868484_4384,Extracellular,Signal peptide,Soluble,0.17669999599456787,0.1354999989271164,0.9449999928474426,0.08389999717473984,0.1720000058412552,0.20350000262260437,0.09759999811649323,0.09229999780654907,0.12800000607967377,0.010400000028312206,0.2637999951839447,0.046300001442432404,0.32690000534057617,0.8410000205039978
WP_054022242.1_M6,Extracellular,Signal peptide,Soluble,0.179299995303154,0.1429000049829483,0.8174999952316284,0.10509999841451645,0.12200000137090683,0.06340000033378601,0.05900000035762787,0.12399999797344208,0.08349999785423279,0.004699999932199717,0.44359999895095825,0.05130000039935112,0.23800000548362732,0.8169000148773193
WP_054022242.1_M7,Cytoplasm|Nucleus,,Soluble,0.6306999921798706,0.5055000185966492,0.4178999960422516,0.11789999902248383,0.10140000283718109,0.06270000338554382,0.34610000252723694,0.24140000343322754,0.15790000557899475,0.029600000008940697,0.3057999908924103,0.056699998676776886,0.20659999549388885,0.8478999733924866
BAD18771.1,Endoplasmic reticulum,Signal peptide,Peripheral|Transmembrane,0.2703999876976013,0.15479999780654907,0.1306000053882599,0.1680999994277954,0.4348999857902527,0.09989999979734421,0.9449999928474426,0.36070001125335693,0.19179999828338623,0.05849999934434891,0.7394999861717224,0.6459000110626221,0.2669000029563904,0.2881999909877777
WP_054022242.1_M8,Extracellular,Signal peptide,Soluble,0.1598999947309494,0.3050999939441681,0.5063999891281128,0.094200000166893,0.10119999945163727,0.09319999814033508,0.03709999844431877,0.10140000283718109,0.12639999389648438,0.04729999974370003,0.37790000438690186,0.06310000270605087,0.2827000021934509,0.8199999928474426
WP_054022242.1_M9,Extracellular,Signal peptide,Soluble,0.15719999372959137,0.16449999809265137,0.6363000273704529,0.0729999989271164,0.10019999742507935,0.06040000170469284,0.06069999933242798,0.18219999969005585,0.15150000154972076,0.00800000037997961,0.42500001192092896,0.04910000041127205,0.29829999804496765,0.8176000118255615
SUD16364.1,Extracellular,Signal peptide,Soluble,0.17409999668598175,0.11299999803304672,0.8783000111579895,0.09839999675750732,0.19030000269412994,0.0803999975323677,0.09309999644756317,0.21230000257492065,0.11289999634027481,0.0032999999821186066,0.3698999881744385,0.05040000006556511,0.350600004196167,0.8217999935150146
ERR9963791_1782184,Extracellular,Signal peptide,Soluble,0.1080000028014183,0.08640000224113464,0.798799991607666,0.053599998354911804,0.16290000081062317,0.07699999958276749,0.08550000190734863,0.1657000035047531,0.1281999945640564,0.004000000189989805,0.43869999051094055,0.06780000030994415,0.2648000121116638,0.7576000094413757
KAL2018089.1,Extracellular,Signal peptide,Soluble,0.11069999635219574,0.03020000085234642,0.9790999889373779,0.02630000002682209,0.08810000121593475,0.008999999612569809,0.09679999947547913,0.09369999915361404,0.057999998331069946,0.0010999999940395355,0.3294999897480011,0.030300000682473183,0.16580000519752502,0.8889999985694885
RLI42440.1,Cytoplasm,,Soluble,0.5562000274658203,0.3262999951839447,0.05090000107884407,0.20900000631809235,0.16670000553131104,0.08089999854564667,0.35679998993873596,0.3968000113964081,0.2800999879837036,0.18250000476837158,0.44699999690055847,0.1673000007867813,0.0544000007212162,0.7597000002861023
XDS72785.1,Extracellular,Signal peptide,Soluble,0.22169999778270721,0.13189999759197235,0.9056000113487244,0.03579999879002571,0.16930000483989716,0.007600000128149986,0.374099999666214,0.5461999773979187,0.42640000581741333,0.0010999999940395355,0.4560999870300293,0.0544000007212162,0.2498999983072281,0.8007000088691711
UNZ81746.1,Cytoplasm,,Soluble,0.6474999785423279,0.22709999978542328,0.22509999573230743,0.10580000281333923,0.2583000063896179,0.04699999839067459,0.09380000084638596,0.23469999432563782,0.27300000190734863,0.1785999983549118,0.5753999948501587,0.10779999941587448,0.09380000084638596,0.794700026512146
WP_111881932.1,Extracellular,Signal peptide,Soluble,0.20960000157356262,0.18080000579357147,0.7358999848365784,0.06549999862909317,0.15139999985694885,0.030500000342726707,0.07980000227689743,0.12049999833106995,0.08250000327825546,0.00279999990016222,0.3587000072002411,0.04879999905824661,0.5315999984741211,0.7961000204086304
WP_041846030.1,Cytoplasm,Nuclear localization signal|Nuclear export signal,Soluble,0.8378000259399414,0.46299999952316284,0.10199999809265137,0.2623000144958496,0.3003999888896942,0.08320000022649765,0.20229999721050262,0.2361000031232834,0.16830000281333923,0.09099999815225601,0.4120999872684479,0.09070000052452087,0.10400000214576721,0.8360999822616577
WP_149259982.1,Extracellular,,Soluble,0.24480000138282776,0.09939999878406525,0.8859000205993652,0.043299999088048935,0.47049999237060547,0.06440000236034393,0.0908999964594841,0.09000000357627869,0.09380000084638596,0.0003000000142492354,0.29660001397132874,0.05570000037550926,0.3564000129699707,0.782800018787384
ACC95208.1,Extracellular,Signal peptide,Soluble,0.18610000610351562,0.09009999781847,0.8091999888420105,0.03709999844431877,0.17749999463558197,0.04360000044107437,0.11819999665021896,0.21459999680519104,0.14980000257492065,0.004999999888241291,0.3167000114917755,0.04690000042319298,0.275299996137619,0.8463000059127808
WP_012212294.1,Cytoplasm|Nucleus,Nuclear localization signal|Nuclear export signal,Soluble,0.7228000164031982,0.611299991607666,0.23849999904632568,0.2632000148296356,0.14350000023841858,0.14319999516010284,0.09910000115633011,0.15139999985694885,0.09969999641180038,0.0348999984562397,0.3847000002861023,0.06369999796152115,0.15129999816417694,0.8604999780654907
ACS47609.1,Cytoplasm,Nuclear localization signal|Nuclear export signal,Soluble,0.7749999761581421,0.44359999895095825,0.17890000343322754,0.258899986743927,0.27900001406669617,0.0414000004529953,0.10339999943971634,0.33230000734329224,0.1858000010251999,0.025699999183416367,0.40059998631477356,0.04780000075697899,0.15469999611377716,0.8700000047683716
EUC55453.1,Extracellular,Signal peptide,Soluble,0.20029999315738678,0.053599998354911804,0.9200000166893005,0.17430000007152557,0.05869999900460243,0.032499998807907104,0.1875,0.42489999532699585,0.19689999520778656,0.041200000792741776,0.2321999967098236,0.12870000302791595,0.1615999937057495,0.8149999976158142
XP_018835592.1,Cytoplasm,Nuclear localization signal,Soluble,0.6539999842643738,0.4885999858379364,0.12389999628067017,0.25049999356269836,0.07249999791383743,0.5723999738693237,0.29490000009536743,0.12610000371932983,0.04619999974966049,0.06199999898672104,0.2732999920845032,0.16099999845027924,0.08609999716281891,0.8312000036239624
E8U721,Extracellular,Signal peptide,Soluble,0.24459999799728394,0.1006999984383583,0.920799970626831,0.2150000035762787,0.17350000143051147,0.028599999845027924,0.13420000672340393,0.24889999628067017,0.24120000004768372,0.0017999999690800905,0.45260000228881836,0.09489999711513519,0.5309000015258789,0.642300009727478
BAC11357.1,Endoplasmic reticulum,Signal peptide|Transmembrane domain,Peripheral|Transmembrane,0.25099998712539673,0.09000000357627869,0.17659999430179596,0.2680000066757202,0.3124000132083893,0.008700000122189522,0.891700029373169,0.39739999175071716,0.5475999712944031,0.032999999821186066,0.7249000072479248,0.7572000026702881,0.46059998869895935,0.28060001134872437
BAC76623.1,Endoplasmic reticulum,Signal peptide,Soluble,0.20090000331401825,0.07289999723434448,0.45669999718666077,0.3190999925136566,0.1257999986410141,0.0019000000320374966,0.8191999793052673,0.3257000148296356,0.21469999849796295,0.03530000150203705,0.38350000977516174,0.16329999268054962,0.32280001044273376,0.758899986743927
BAD96444.1,Endoplasmic reticulum,Signal peptide,Soluble,0.22390000522136688,0.08420000225305557,0.42149999737739563,0.31130000948905945,0.13449999690055847,0.002400000113993883,0.7171000242233276,0.3418000042438507,0.1754000037908554,0.039400000125169754,0.3982999920845032,0.16009999811649323,0.2863999903202057,0.7687000036239624
BAD96561.1,Endoplasmic reticulum,Transmembrane domain,Transmembrane,0.19900000095367432,0.1348000019788742,0.041200000792741776,0.2004999965429306,0.4731000065803528,0.12919999659061432,0.8690999746322632,0.2021999955177307,0.26159998774528503,0.11150000244379044,0.4884999990463257,0.8949000239372253,0.809499979019165,0.20559999346733093
BAD12779.1,Endoplasmic reticulum|Lysosome/Vacuole,Signal peptide,Peripheral,0.2190999984741211,0.14890000224113464,0.31700000166893005,0.09730000048875809,0.24390000104904175,0.01080000028014183,0.7128999829292297,0.6252999901771545,0.39149999618530273,0.0032999999821186066,0.7441999912261963,0.3662000000476837,0.19290000200271606,0.4262000024318695
NP_999411.2,Endoplasmic reticulum,Signal peptide,Soluble,0.20029999315738678,0.0794999971985817,0.42899999022483826,0.37560001015663147,0.10270000249147415,0.0024999999441206455,0.8083999752998352,0.22190000116825104,0.15080000460147858,0.019200000911951065,0.3549000024795532,0.10649999976158142,0.326200008392334,0.8073999881744385
AQT33900.1,Endoplasmic reticulum,Signal peptide,Soluble,0.2076999992132187,0.08020000159740448,0.42730000615119934,0.36550000309944153,0.10339999943971634,0.0026000000070780516,0.8112000226974487,0.22370000183582306,0.15919999778270721,0.020400000736117363,0.3598000109195709,0.1023000031709671,0.3594000041484833,0.8075000047683716
BAA84995.1,Extracellular,Signal peptide,Soluble,0.2619999945163727,0.03920000046491623,0.7975999712944031,0.21850000321865082,0.10180000215768814,0.0013000000035390258,0.305400013923645,0.37630000710487366,0.1370999962091446,0.002099999925121665,0.4528999924659729,0.18690000474452972,0.2863999903202057,0.7833999991416931
ADF43463.1,Cell membrane,,Lipid anchor|Soluble,0.16519999504089355,0.04969999939203262,0.5827000141143799,0.6467999815940857,0.05820000171661377,0.002899999963119626,0.20250000059604645,0.22660000622272491,0.12759999930858612,0.010700000450015068,0.12470000237226486,0.24250000715255737,0.9539999961853027,0.6335999965667725
XP_011550080.2,Cytoplasm,,Soluble,0.704200029373169,0.19660000503063202,0.24629999697208405,0.2442999929189682,0.1712000072002411,0.020899999886751175,0.19920000433921814,0.2345000058412552,0.20059999823570251,0.029899999499320984,0.3573000133037567,0.17829999327659607,0.1597999930381775,0.8377000093460083
ADD97150.1,Endoplasmic reticulum,Signal peptide,Soluble,0.20909999310970306,0.04470000043511391,0.5521000027656555,0.250900000333786,0.11959999799728394,0.006099999882280827,0.8307999968528748,0.25769999623298645,0.10679999738931656,0.02850000001490116,0.31859999895095825,0.1143999993801117,0.27129998803138733,0.7996000051498413
ADF43494.1,Extracellular,Signal peptide,Soluble,0.12430000305175781,0.020899999886751175,0.9136000275611877,0.12520000338554382,0.12600000202655792,0.002899999963119626,0.1445000022649765,0.3650999963283539,0.07509999722242355,0.00019999999494757503,0.4424999952316284,0.13899999856948853,0.09870000183582306,0.8349000215530396
AAU00159.1,Cytoplasm,Peroxisomal targeting signal,Soluble,0.6018000245094299,0.23170000314712524,0.41190001368522644,0.21969999372959137,0.3488999903202057,0.2646999955177307,0.30559998750686646,0.10589999705553055,0.06080000102519989,0.24230000376701355,0.5044999718666077,0.1485999971628189,0.1518000066280365,0.79830002784729
WP_269305865.1,Cytoplasm,Nuclear localization signal,Soluble,0.7990000247955322,0.23770000040531158,0.3425000011920929,0.14110000431537628,0.13259999454021454,0.07280000299215317,0.13279999792575836,0.3779999911785126,0.23970000445842743,0.011900000274181366,0.4052000045776367,0.11169999837875366,0.12759999930858612,0.7962999939918518
ADF43459.1,Endoplasmic reticulum,Signal peptide,Soluble,0.2092999964952469,0.04500000178813934,0.5497999787330627,0.25870001316070557,0.12250000238418579,0.006000000052154064,0.8345000147819519,0.266400009393692,0.11140000075101852,0.02850000001490116,0.3382999897003174,0.11460000276565552,0.27959999442100525,0.7922000288963318
BAC36707.1,Endoplasmic reticulum,Signal peptide,Soluble,0.21799999475479126,0.07029999792575836,0.45159998536109924,0.367000013589859,0.14300000667572021,0.003100000089034438,0.8379999995231628,0.35269999504089355,0.181099995970726,0.0478999987244606,0.373199999332428,0.17669999599456787,0.30379998683929443,0.7502999901771545
XP_022828343.1,Extracellular|Endoplasmic reticulum,Signal peptide,Soluble,0.14910000562667847,0.04500000178813934,0.6342999935150146,0.2635999917984009,0.09709999710321426,0.006099999882280827,0.7692999839782715,0.31470000743865967,0.15770000219345093,0.04309999942779541,0.31520000100135803,0.07540000230073929,0.3230000138282776,0.8259999752044678
ADF43469.1,Extracellular,Signal peptide,Soluble,0.32280001044273376,0.05590000003576279,0.6945000290870667,0.2906000018119812,0.06610000133514404,0.0027000000700354576,0.451200008392334,0.210099995136261,0.09510000050067902,0.020500000566244125,0.4542999863624573,0.12870000302791595,0.23579999804496765,0.7918000221252441
AAC39258.1,Endoplasmic reticulum,Signal peptide,Soluble,0.20010000467300415,0.06750000268220901,0.5480999946594238,0.3197000026702881,0.11580000072717667,0.0017000000225380063,0.7540000081062317,0.37400001287460327,0.23180000483989716,0.01640000008046627,0.3862000107765198,0.10289999842643738,0.4343000054359436,0.7975999712944031
AAF64156.1,Extracellular,Signal peptide,Soluble,0.15860000252723694,0.10620000213384628,0.5067999958992004,0.07079999893903732,0.42080000042915344,0.09969999641180038,0.30329999327659607,0.17350000143051147,0.09790000319480896,0.0010000000474974513,0.5507000088691711,0.1696999967098236,0.19979999959468842,0.6384999752044678
BBC47797.1,Extracellular,Signal peptide,Soluble,0.11949999630451202,0.022299999371170998,0.9603999853134155,0.07819999754428864,0.06539999693632126,0.034699998795986176,0.08950000256299973,0.11969999969005585,0.0731000006198883,0.0017000000225380063,0.34880000352859497,0.059300001710653305,0.21570000052452087,0.8306000232696533
AAH05989.1,Extracellular,Signal peptide,Soluble,0.21960000693798065,0.09769999980926514,0.8647000193595886,0.28029999136924744,0.23229999840259552,0.018400000408291817,0.35040000081062317,0.492900013923645,0.38370001316070557,0.0019000000320374966,0.5491999983787537,0.08330000191926956,0.2655999958515167,0.7745000123977661
AEE61324.1,Extracellular,Signal peptide,Soluble,0.19200000166893005,0.08720000088214874,0.9071000218391418,0.037700001150369644,0.06260000169277191,0.00279999990016222,0.17890000343322754,0.2689000070095062,0.10320000350475311,0.00279999990016222,0.2662000060081482,0.032600000500679016,0.17339999973773956,0.8478000164031982
C7YUZ1,Extracellular,Signal peptide,Soluble,0.11500000208616257,0.06279999762773514,0.9225000143051147,0.03959999978542328,0.06769999861717224,0.004699999932199717,0.14079999923706055,0.14409999549388885,0.09359999746084213,0.0027000000700354576,0.2953999936580658,0.02239999920129776,0.23810000717639923,0.8432999849319458
P81139.1,Extracellular,Signal peptide,Soluble,0.3255000114440918,0.1777999997138977,0.8467000126838684,0.48829999566078186,0.30709999799728394,0.12620000541210175,0.20999999344348907,0.39089998602867126,0.2858999967575073,0.023499999195337296,0.5309000015258789,0.05570000037550926,0.3212999999523163,0.7930999994277954
AAB35488.2,Extracellular,Signal peptide,Soluble,0.18029999732971191,0.04910000041127205,0.8695999979972839,0.27469998598098755,0.08100000023841858,0.004900000058114529,0.22360000014305115,0.3700999915599823,0.09989999979734421,0.00559999980032444,0.4503999948501587,0.2224999964237213,0.5530999898910522,0.6898000240325928
KIX06614.1,Cytoplasm|Nucleus,Nuclear localization signal,Soluble,0.8116000294685364,0.5209000110626221,0.09049999713897705,0.10450000315904617,0.058800000697374344,0.02250000089406967,0.048700001090765,0.1868000030517578,0.09489999711513519,0.016499999910593033,0.3257000148296356,0.09449999779462814,0.04809999838471413,0.869700014591217
SRR13979362_3177,Extracellular,Signal peptide,Soluble,0.179299995303154,0.11379999667406082,0.8665000200271606,0.048500001430511475,0.15719999372959137,0.026900000870227814,0.17069999873638153,0.41679999232292175,0.23659999668598175,0.009600000455975533,0.4551999866962433,0.05180000141263008,0.257999986410141,0.8012999892234802
QHJ89899.1,Cytoplasm,Nuclear localization signal,Soluble,0.7462999820709229,0.48330000042915344,0.10339999943971634,0.08640000224113464,0.08739999681711197,0.02410000003874302,0.049400001764297485,0.23090000450611115,0.13500000536441803,0.008200000040233135,0.3176000118255615,0.12939999997615814,0.05460000038146973,0.8364999890327454
QEE79631.1,Cytoplasm|Nucleus,Nuclear localization signal,Soluble,0.6467000246047974,0.5026000142097473,0.10530000180006027,0.2321999967098236,0.06610000133514404,0.5504999756813049,0.33719998598098755,0.11500000208616257,0.05609999969601631,0.028699999675154686,0.24639999866485596,0.20200000703334808,0.0860000029206276,0.8180999755859375
QEE79630.1,Cytoplasm|Nucleus,,Soluble,0.5946000218391418,0.5231999754905701,0.10260000079870224,0.17260000109672546,0.07859999686479568,0.4799000024795532,0.2386000007390976,0.18129999935626984,0.033799998462200165,0.05420000106096268,0.25110000371932983,0.1842000037431717,0.08879999816417694,0.8255000114440918
XAQ58225.1,Extracellular,Signal peptide,Soluble,0.14650000631809235,0.036400001496076584,0.9638000130653381,0.033900000154972076,0.08879999816417694,0.009499999694526196,0.0723000019788742,0.07890000194311142,0.050200000405311584,0.0008999999845400453,0.3799000084400177,0.033900000154972076,0.24779999256134033,0.8787999749183655
BAI99230.2,Extracellular,Signal peptide,Soluble,0.18369999527931213,0.11029999703168869,0.8985000252723694,0.052299998700618744,0.17820000648498535,0.06939999759197235,0.1785999983549118,0.06650000065565109,0.06499999761581421,0.000699999975040555,0.4097000062465668,0.058400001376867294,0.3977000117301941,0.7218000292778015
SRR14099998_4346,Extracellular,Signal peptide,Soluble,0.1777999997138977,0.14100000262260437,0.8873000144958496,0.04410000145435333,0.23199999332427979,0.05649999901652336,0.18490000069141388,0.1956000030040741,0.20309999585151672,0.0017999999690800905,0.42419999837875366,0.038100000470876694,0.47859999537467957,0.8163999915122986
AKZ20828.1,Cytoplasm,,Peripheral|Soluble,0.6169000267982483,0.30660000443458557,0.4790000021457672,0.15790000557899475,0.2678000032901764,0.20800000429153442,0.40959998965263367,0.4399999976158142,0.5360000133514404,0.05429999902844429,0.6244000196456909,0.12960000336170197,0.2037999927997589,0.7272999882698059
A0A1E1FNX8,Extracellular,Signal peptide,Soluble,0.09610000252723694,0.3569999933242798,0.864300012588501,0.052299998700618744,0.24719999730587006,0.05550000071525574,0.38749998807907104,0.1354999989271164,0.1647000014781952,0.006399999838322401,0.574999988079071,0.08399999886751175,0.15000000596046448,0.7717999815940857
L0EF70,Cytoplasm,Nuclear localization signal,Soluble,0.8751999735832214,0.33970001339912415,0.0877000018954277,0.04910000041127205,0.15880000591278076,0.08569999784231186,0.13519999384880066,0.11829999834299088,0.17790000140666962,0.04039999842643738,0.366100013256073,0.11509999632835388,0.08500000089406967,0.826200008392334
ALS54749.1,Cytoplasm,Nuclear localization signal,Soluble,0.7689999938011169,0.4413999915122986,0.3154999911785126,0.08910000324249268,0.2953000068664551,0.07440000027418137,0.1421000063419342,0.16169999539852142,0.10909999907016754,0.021700000390410423,0.4410000145435333,0.1023000031709671,0.12839999794960022,0.7918000221252441
OK558825.1,Extracellular,Signal peptide,Soluble,0.15549999475479126,0.0917000025510788,0.8303999900817871,0.09480000287294388,0.19110000133514404,0.06949999928474426,0.09809999912977219,0.2313999980688095,0.13660000264644623,0.0017000000225380063,0.257999986410141,0.03400000184774399,0.2994000017642975,0.8671000003814697
B2NHN2,Extracellular,Signal peptide,Soluble,0.10920000076293945,0.040699999779462814,0.9692000150680542,0.06539999693632126,0.06019999831914902,0.024299999698996544,0.11180000007152557,0.23399999737739563,0.08649999648332596,0.00139999995008111,0.31630000472068787,0.05209999904036522,0.23989999294281006,0.86080002784729
O82950,Extracellular,Signal peptide,Soluble,0.11590000241994858,0.22709999978542328,0.7915999889373779,0.09769999980926514,0.18289999663829803,0.007899999618530273,0.4000000059604645,0.22679999470710754,0.2728999853134155,0.0035000001080334187,0.4242999851703644,0.13570000231266022,0.16290000081062317,0.76910001039505
Q6UFW4,Extracellular,Signal peptide,Soluble,0.2012999951839447,0.13860000669956207,0.7538999915122986,0.09790000319480896,0.2345000058412552,0.009499999694526196,0.3278999924659729,0.27309998869895935,0.2029999941587448,0.0013000000035390258,0.30250000953674316,0.11349999904632568,0.13660000264644623,0.8288000226020813
Q0KCI0,Cytoplasm,,Peripheral|Soluble,0.4442000091075897,0.12439999729394913,0.46709999442100525,0.2953999936580658,0.5194000005722046,0.11129999905824661,0.15109999477863312,0.3783000111579895,0.4246000051498413,0.05990000069141388,0.767799973487854,0.08380000293254852,0.20489999651908875,0.6148999929428101
Q51871,Extracellular,Signal peptide,Soluble,0.10010000318288803,0.1526000052690506,0.8618000149726868,0.07209999859333038,0.1932000070810318,0.03739999979734421,0.09070000052452087,0.11089999973773956,0.08950000256299973,0.0005000000237487257,0.48579999804496765,0.03840000182390213,0.20550000667572021,0.8557000160217285
Q939Q9,Extracellular,Signal peptide,Soluble,0.0737999975681305,0.12950000166893005,0.9143999814987183,0.07199999690055847,0.24869999289512634,0.07479999959468842,0.30799999833106995,0.1981000006198883,0.19380000233650208,0.0010000000474974513,0.4878000020980835,0.1662999987602234,0.13809999823570251,0.697700023651123
Q0K4D5,Cytoplasm,,Soluble,0.5364999771118164,0.08240000158548355,0.37869998812675476,0.15790000557899475,0.3239000141620636,0.01730000041425228,0.17409999668598175,0.3160000145435333,0.5098000168800354,0.02019999921321869,0.5717999935150146,0.10610000044107437,0.3555999994277954,0.7240999937057495
WAT79796.1,Extracellular,Signal peptide,Soluble,0.09929999709129333,0.3682999908924103,0.8726999759674072,0.053599998354911804,0.2387000024318695,0.047200001776218414,0.35679998993873596,0.1396999955177307,0.13930000364780426,0.004399999976158142,0.5670999884605408,0.08489999920129776,0.13660000264644623,0.7712000012397766
A4UZ11,Extracellular,Signal peptide,Peripheral|Soluble,0.14249999821186066,0.12139999866485596,0.8011000156402588,0.18459999561309814,0.22110000252723694,0.1923000067472458,0.521399974822998,0.34380000829696655,0.12970000505447388,0.009800000116229057,0.6611999869346619,0.21690000593662262,0.1834000051021576,0.604200005531311
A4UZ13,Extracellular,Signal peptide,Peripheral|Soluble,0.2567000091075897,0.249099999666214,0.8044999837875366,0.09939999878406525,0.13840000331401825,0.06270000338554382,0.45570001006126404,0.45969998836517334,0.37049999833106995,0.0017000000225380063,0.6940000057220459,0.18440000712871552,0.1720000058412552,0.6525999903678894
B0FLR6,Extracellular,Signal peptide,Soluble,0.1598999947309494,0.06589999794960022,0.9244999885559082,0.05609999969601631,0.179299995303154,0.012000000104308128,0.17239999771118164,0.03739999979734421,0.053199999034404755,0.0005000000237487257,0.48559999465942383,0.04309999942779541,0.07329999655485153,0.8654000163078308
ANG60415.1,Cytoplasm,Nuclear export signal,Soluble,0.6996999979019165,0.38179999589920044,0.10130000114440918,0.15469999611377716,0.2117999941110611,0.2791000008583069,0.11720000207424164,0.34850001335144043,0.1307000070810318,0.18369999527931213,0.47350001335144043,0.06889999657869339,0.08980000019073486,0.7968000173568726
AAD22743.1,Nucleus,,Soluble,0.34060001373291016,0.4431000053882599,0.15520000457763672,0.4065000116825104,0.43160000443458557,0.05009999871253967,0.08590000122785568,0.3594000041484833,0.16519999504089355,0.04729999974370003,0.5992000102996826,0.18960000574588776,0.1745000034570694,0.6502000093460083
ACY56506.1,Cytoplasm,Nuclear localization signal,Soluble,0.642300009727478,0.4050999879837036,0.2809000015258789,0.322299987077713,0.10840000212192535,0.18549999594688416,0.148499995470047,0.34209999442100525,0.2273000031709671,0.2639000117778778,0.5022000074386597,0.07530000060796738,0.0997999981045723,0.7752000093460083
SRR5583254_6888706,Extracellular,Signal peptide,Soluble,0.1477999985218048,0.09359999746084213,0.8877000212669373,0.0731000006198883,0.20509999990463257,0.03759999945759773,0.12489999830722809,0.2175000011920929,0.11410000175237656,0.008299999870359898,0.40400001406669617,0.08669999986886978,0.23520000278949738,0.8188999891281128
SRR14117419_527984,Extracellular,Signal peptide,Soluble,0.25519999861717224,0.12200000137090683,0.8241000175476074,0.09690000116825104,0.12319999933242798,0.011800000444054604,0.3441999852657318,0.15620000660419464,0.27709999680519104,0.000699999975040555,0.4174000024795532,0.10199999809265137,0.1728000044822693,0.7527999877929688
SRR14362172_4989,Extracellular,Signal peptide,Soluble,0.2606000006198883,0.05609999969601631,0.928600013256073,0.11079999804496765,0.08799999952316284,0.03420000150799751,0.10220000147819519,0.40220001339912415,0.12129999697208405,0.003700000001117587,0.30090001225471497,0.04309999942779541,0.36090001463890076,0.8465999960899353
SRR14527628_79383,Extracellular,Signal peptide,Soluble,0.18700000643730164,0.12720000743865967,0.8424000144004822,0.07699999958276749,0.4018999934196472,0.015200000256299973,0.13989999890327454,0.22499999403953552,0.13619999587535858,0.0007999999797903001,0.44429999589920044,0.039500001817941666,0.3772999942302704,0.8317000269889832
SRR14574980_43392,Extracellular,Signal peptide,Soluble,0.2660999894142151,0.13590000569820404,0.8367999792098999,0.156700000166893,0.0689999982714653,0.20499999821186066,0.2702000141143799,0.3605000078678131,0.47859999537467957,0.022199999541044235,0.38670000433921814,0.13369999825954437,0.14900000393390656,0.7802000045776367
SRR14576916_391095,Extracellular,Signal peptide,Soluble,0.1031000018119812,0.10249999910593033,0.6085000038146973,0.03790000081062317,0.29260000586509705,0.10729999840259552,0.06790000200271606,0.11379999667406082,0.04479999840259552,0.004800000227987766,0.3151000142097473,0.09529999643564224,0.3052999973297119,0.7832000255584717
SRR14695722_75236,Extracellular,Signal peptide,Soluble,0.11129999905824661,0.06270000338554382,0.9391000270843506,0.05339999869465828,0.2222999930381775,0.062300000339746475,0.08959999680519104,0.09459999948740005,0.08529999852180481,0.002199999988079071,0.48089998960494995,0.06629999727010727,0.21960000693798065,0.7703999876976013
SRR14802574_702608,Extracellular,Signal peptide,Soluble,0.37059998512268066,0.14669999480247498,0.8517000079154968,0.1598999947309494,0.0640999972820282,0.029899999499320984,0.08060000091791153,0.05770000070333481,0.21969999372959137,0.009600000455975533,0.31290000677108765,0.16429999470710754,0.4950000047683716,0.651199996471405
SRR14865845_60467,Extracellular,Signal peptide,Soluble,0.20630000531673431,0.19120000302791595,0.8226000070571899,0.09300000220537186,0.1550000011920929,0.03550000116229057,0.2240000069141388,0.24660000205039978,0.24459999799728394,0.0027000000700354576,0.3928000032901764,0.03720000013709068,0.4293999969959259,0.83160001039505
SRR14954404_30870,Extracellular,Signal peptide,Soluble,0.298799991607666,0.15230000019073486,0.8270999789237976,0.10939999669790268,0.0681999996304512,0.020899999886751175,0.11289999634027481,0.27799999713897705,0.2524999976158142,0.004600000102072954,0.391400009393692,0.0494999997317791,0.34529998898506165,0.815500020980835
SRR1523874_4491,Extracellular,Signal peptide,Soluble,0.20589999854564667,0.16590000689029694,0.838699996471405,0.10949999839067459,0.16089999675750732,0.15049999952316284,0.15559999644756317,0.14970000088214874,0.2273000031709671,0.0034000000450760126,0.35760000348091125,0.04340000078082085,0.35280001163482666,0.8363000154495239
SRR15371989_72478,Extracellular,Signal peptide,Soluble,0.1054999977350235,0.12399999797344208,0.7684999704360962,0.0722000002861023,0.17810000479221344,0.04659999907016754,0.03530000150203705,0.08609999716281891,0.0640999972820282,0.014700000174343586,0.3425000011920929,0.06509999930858612,0.30469998717308044,0.8190000057220459
SRR15430510_32059,Extracellular,Signal peptide,Soluble,0.18690000474452972,0.1421000063419342,0.8901000022888184,0.10130000114440918,0.21570000052452087,0.04830000177025795,0.20499999821186066,0.18230000138282776,0.2012999951839447,0.0027000000700354576,0.2786000072956085,0.04019999876618385,0.34689998626708984,0.8650000095367432
SRR15458308_127373,Extracellular,Signal peptide,Soluble,0.11100000143051147,0.04659999907016754,0.7336999773979187,0.09730000048875809,0.17000000178813934,0.062300000339746475,0.04569999873638153,0.09040000289678574,0.062199998646974564,0.005100000184029341,0.22619999945163727,0.08190000057220459,0.6410999894142151,0.6916999816894531
SRR16759749_268810,Extracellular,Signal peptide,Soluble,0.1527000069618225,0.12540000677108765,0.8797000050544739,0.09839999675750732,0.21879999339580536,0.027699999511241913,0.1574999988079071,0.20020000636577606,0.16699999570846558,0.0007999999797903001,0.25200000405311584,0.03590000048279762,0.38999998569488525,0.8141999840736389
SRR16950703_360364,Extracellular,Signal peptide,Soluble,0.16910000145435333,0.07680000364780426,0.9138000011444092,0.09239999949932098,0.13420000672340393,0.03680000081658363,0.054999999701976776,0.14830000698566437,0.10740000009536743,0.006599999964237213,0.37229999899864197,0.08460000157356262,0.21199999749660492,0.7828999757766724
SRR17041388_347861,Extracellular,Signal peptide,Soluble,0.421099990606308,0.20759999752044678,0.7746999859809875,0.20160000026226044,0.0786999985575676,0.05689999833703041,0.19769999384880066,0.10540000349283218,0.33970001339912415,0.006000000052154064,0.43380001187324524,0.21310000121593475,0.659500002861023,0.4948999881744385
SRR17295761_37586,Extracellular,Signal peptide,Soluble,0.21490000188350677,0.06270000338554382,0.9409999847412109,0.0640999972820282,0.30230000615119934,0.11100000143051147,0.29330000281333923,0.19280000030994415,0.1386999934911728,0.000699999975040555,0.40380001068115234,0.07580000162124634,0.31459999084472656,0.6920999884605408
SRR17828879_219644,Extracellular,Signal peptide,Soluble,0.13989999890327454,0.14270000159740448,0.7993999719619751,0.11819999665021896,0.06369999796152115,0.0737999975681305,0.04580000042915344,0.13449999690055847,0.1777999997138977,0.05350000038743019,0.34360000491142273,0.0820000022649765,0.23240000009536743,0.8127999901771545
SRR18156181_603674,Cytoplasm,Nuclear localization signal,Soluble,0.5594000220298767,0.42320001125335693,0.46549999713897705,0.28839999437332153,0.13269999623298645,0.01590000092983246,0.5479999780654907,0.36340001225471497,0.21089999377727509,0.00559999980032444,0.5144000053405762,0.05609999969601631,0.33410000801086426,0.7825000286102295
SRR18577045_38081,Extracellular,Signal peptide,Soluble,0.15379999577999115,0.1177000030875206,0.7035999894142151,0.03550000116229057,0.30869999527931213,0.03220000118017197,0.053199999034404755,0.12800000607967377,0.09650000184774399,0.009700000286102295,0.39570000767707825,0.07150000333786011,0.3255000114440918,0.7922999858856201
SRR19414414_32612,Extracellular,Signal peptide,Soluble,0.17309999465942383,0.13230000436306,0.8432000279426575,0.10329999774694443,0.1103999987244606,0.07410000264644623,0.06830000132322311,0.17170000076293945,0.1120000034570694,0.004900000058114529,0.4936999976634979,0.05510000139474869,0.243599995970726,0.8111000061035156
SRR19742208_42773,Extracellular,Signal peptide,Soluble,0.17000000178813934,0.07909999787807465,0.9057999849319458,0.06369999796152115,0.2515000104904175,0.05849999934434891,0.1281999945640564,0.15379999577999115,0.09650000184774399,0.000699999975040555,0.3384999930858612,0.061799999326467514,0.38659998774528503,0.7940999865531921
SRR20309463_795,Extracellular,Signal peptide,Soluble,0.14569999277591705,0.1160999983549118,0.7814000248908997,0.07419999688863754,0.302700012922287,0.04690000042319298,0.06809999793767929,0.13079999387264252,0.11339999735355377,0.002199999988079071,0.37229999899864197,0.03229999914765358,0.3903000056743622,0.8432999849319458
SRR21130500_826597,Extracellular,Signal peptide,Soluble,0.15649999678134918,0.1525000035762787,0.8866999745368958,0.09369999915361404,0.3573000133037567,0.060499999672174454,0.07569999992847443,0.26669999957084656,0.13510000705718994,0.0026000000070780516,0.35929998755455017,0.026200000196695328,0.3499000072479248,0.8568999767303467
SRR21419831_257710,Extracellular,Signal peptide,Soluble,0.13279999792575836,0.27959999442100525,0.58160001039505,0.09470000118017197,0.05939999967813492,0.1200999990105629,0.0835999995470047,0.2175000011920929,0.2410999983549118,0.06199999898672104,0.44850000739097595,0.07320000231266022,0.3086000084877014,0.7926999926567078
SRR21941336_37408,Extracellular,Signal peptide,Soluble,0.12330000102519989,0.18160000443458557,0.5569000244140625,0.09539999812841415,0.09700000286102295,0.07729999721050262,0.05169999971985817,0.14810000360012054,0.15960000455379486,0.013100000098347664,0.4307999908924103,0.04500000178813934,0.2996000051498413,0.838100016117096
SRR22136574_3522411,Extracellular,Signal peptide,Soluble,0.12189999967813492,0.07559999823570251,0.8817999958992004,0.16619999706745148,0.1014999970793724,0.04690000042319298,0.2816999852657318,0.3930000066757202,0.13580000400543213,0.008899999782443047,0.36820000410079956,0.08079999685287476,0.31200000643730164,0.8021000027656555
SRR22234379_583440,Cytoplasm|Extracellular,,Soluble,0.5464000105857849,0.3580999970436096,0.8044000267982483,0.156700000166893,0.16089999675750732,0.031199999153614044,0.3303000032901764,0.3564000129699707,0.22429999709129333,0.038600001484155655,0.390500009059906,0.05209999904036522,0.30489999055862427,0.8198000192642212
SRR22541061_93121,Extracellular,Signal peptide,Soluble,0.1266999989748001,0.09290000051259995,0.8774999976158142,0.066600002348423,0.23839999735355377,0.057100001722574234,0.06889999657869339,0.1145000010728836,0.07479999959468842,0.006099999882280827,0.3952000141143799,0.0820000022649765,0.26269999146461487,0.7828999757766724
SRR23008605_28430,Extracellular,Signal peptide,Soluble,0.1476999968290329,0.3255000114440918,0.4607999920845032,0.05180000141263008,0.05730000138282776,0.10209999978542328,0.0625,0.12710000574588776,0.1404000073671341,0.04149999842047691,0.45500001311302185,0.05920000001788139,0.28060001134872437,0.8051999807357788
SRR21210593_63796,Extracellular,Signal peptide,Soluble,0.1753000020980835,0.14970000088214874,0.8938000202178955,0.0649000033736229,0.20800000429153442,0.03440000116825104,0.14429999887943268,0.16910000145435333,0.1720999926328659,0.0013000000035390258,0.45019999146461487,0.03460000082850456,0.43549999594688416,0.8256999850273132
SRR23636745_2174529,Extracellular,Signal peptide,Soluble,0.25049999356269836,0.16410000622272491,0.8098999857902527,0.053199999034404755,0.2824999988079071,0.2045000046491623,0.22220000624656677,0.17479999363422394,0.16429999470710754,0.003700000001117587,0.41830000281333923,0.11980000138282776,0.30970001220703125,0.7206000089645386
SRR23730084_129305,Extracellular,Signal peptide,Soluble,0.15870000422000885,0.22619999945163727,0.6876999735832214,0.0917000025510788,0.05829999968409538,0.09549999982118607,0.04529999941587448,0.0738999992609024,0.0989999994635582,0.021800000220537186,0.41909998655319214,0.07240000367164612,0.2635999917984009,0.800599992275238
SRR24001352_21752,Extracellular,Signal peptide,Soluble,0.14090000092983246,0.12720000743865967,0.5720999836921692,0.051899999380111694,0.1623000055551529,0.03189999982714653,0.15970000624656677,0.16519999504089355,0.09679999947547913,0.015699999406933784,0.3447999954223633,0.05469999834895134,0.4049000144004822,0.8220000267028809
SRR24001352_43921,Extracellular,Signal peptide,Soluble,0.11999999731779099,0.11429999768733978,0.5679000020027161,0.06360000371932983,0.20640000700950623,0.04450000077486038,0.06620000302791595,0.08959999680519104,0.05570000037550926,0.01769999973475933,0.3815999925136566,0.06939999759197235,0.2976999878883362,0.7889000177383423
SRR24270839_443745,Cytoplasm,,Soluble,0.714900016784668,0.3003999888896942,0.5267999768257141,0.31529998779296875,0.09019999951124191,0.08020000159740448,0.325300008058548,0.23890000581741333,0.1988999992609024,0.1745000034570694,0.30630001425743103,0.09309999644756317,0.20649999380111694,0.7756999731063843
SRR24863433_5674,Extracellular,Signal peptide,Soluble,0.16279999911785126,0.09210000187158585,0.8515999913215637,0.031700000166893005,0.241799995303154,0.05350000038743019,0.18490000069141388,0.1826000064611435,0.12950000166893005,0.0031999999191612005,0.34880000352859497,0.06849999725818634,0.25540000200271606,0.8082000017166138
SRR24907501_79708,Extracellular,Signal peptide,Soluble,0.1729000061750412,0.07079999893903732,0.982699990272522,0.2721000015735626,0.12460000067949295,0.10920000076293945,0.219200000166893,0.54339998960495,0.3131999969482422,0.009499999694526196,0.31130000948905945,0.09480000287294388,0.24979999661445618,0.7608000040054321
SRR24956186_742414,Extracellular,Signal peptide,Soluble,0.23839999735355377,0.0706000030040741,0.9240000247955322,0.05849999934434891,0.272599995136261,0.1451999992132187,0.3000999987125397,0.22030000388622284,0.20409999787807465,0.00139999995008111,0.3926999866962433,0.07639999687671661,0.28630000352859497,0.7093999981880188
SRR25158249_220564,Extracellular,Signal peptide,Soluble,0.23569999635219574,0.2084999978542328,0.7548999786376953,0.11869999766349792,0.09130000323057175,0.025599999353289604,0.07689999788999557,0.07989999651908875,0.23729999363422394,0.0034000000450760126,0.32739999890327454,0.1598999947309494,0.4025999903678894,0.6614999771118164
SRR25158324_2535008,Extracellular,Signal peptide,Soluble,0.1370999962091446,0.05869999900460243,0.9368000030517578,0.066600002348423,0.22040000557899475,0.11110000312328339,0.09080000221729279,0.12600000202655792,0.08030000329017639,0.00839999970048666,0.36910000443458557,0.08560000360012054,0.24269999563694,0.8176000118255615
SRR25547245_993609,Extracellular,Signal peptide,Soluble,0.20810000598430634,0.07609999924898148,0.8928999900817871,0.13089999556541443,0.20720000565052032,0.02160000056028366,0.21979999542236328,0.19089999794960022,0.09730000048875809,0.0007999999797903001,0.35030001401901245,0.13819999992847443,0.390500009059906,0.722100019454956
SRR25727107_131495,Extracellular,Signal peptide,Soluble,0.12680000066757202,0.11150000244379044,0.9401000142097473,0.06350000202655792,0.22059999406337738,0.06539999693632126,0.05469999834895134,0.11739999800920486,0.06859999895095825,0.014600000344216824,0.4065000116825104,0.06030000001192093,0.2883000075817108,0.8083000183105469
WP_054022242.1_M4,Extracellular,Signal peptide,Soluble,0.156700000166893,0.1670999974012375,0.6377000212669373,0.07249999791383743,0.09619999676942825,0.06639999896287918,0.05959999933838844,0.1770000010728836,0.14880000054836273,0.008299999870359898,0.4235999882221222,0.0494999997317791,0.29280000925064087,0.8167999982833862
ERR10640994_177560,Extracellular,Signal peptide,Soluble,0.15469999611377716,0.0957999974489212,0.8646000027656555,0.04670000076293945,0.13210000097751617,0.13009999692440033,0.09629999846220016,0.1559000015258789,0.07670000195503235,0.01940000057220459,0.3955000042915344,0.05849999934434891,0.21480000019073486,0.8224999904632568
ERR10640994_226214,Extracellular,Signal peptide,Soluble,0.1396999955177307,0.04619999974966049,0.9799000024795532,0.07329999655485153,0.22349999845027924,0.09489999711513519,0.0738999992609024,0.1923999935388565,0.05220000073313713,0.005900000222027302,0.3321000039577484,0.039500001817941666,0.24130000174045563,0.8607000112533569
SRR25727962_708236,Extracellular,Signal peptide,Soluble,0.14669999480247498,0.20389999449253082,0.9138000011444092,0.07450000196695328,0.24469999969005585,0.0697999969124794,0.12269999831914902,0.23829999566078186,0.2240999937057495,0.00139999995008111,0.26170000433921814,0.027899999171495438,0.44510000944137573,0.8382999897003174
SRR26046407_1203775,Extracellular,Signal peptide,Soluble,0.13519999384880066,0.04450000077486038,0.8863000273704529,0.08879999816417694,0.11029999703168869,0.2087000012397766,0.05810000002384186,0.19050000607967377,0.24459999799728394,0.012000000104308128,0.2476000040769577,0.08649999648332596,0.7035999894142151,0.6258000135421753
SRR26075049_937218,Extracellular,Signal peptide,Soluble,0.27480000257492065,0.1850000023841858,0.8493000268936157,0.14800000190734863,0.06260000169277191,0.023900000378489494,0.06499999761581421,0.15860000252723694,0.27129998803138733,0.00860000029206276,0.2962000072002411,0.21809999644756317,0.5145999789237976,0.5235000252723694
SRR22234379_583440_M4,Extracellular,Signal peptide,Soluble,0.23170000314712524,0.14890000224113464,0.855400025844574,0.09679999947547913,0.10989999771118164,0.056299999356269836,0.09570000320672989,0.1995999962091446,0.17949999868869781,0.003700000001117587,0.45089998841285706,0.04989999905228615,0.27549999952316284,0.8213000297546387
SRR26075051_5618361,Extracellular,Signal peptide,Soluble,0.1745000034570694,0.2815000116825104,0.7947999835014343,0.06319999694824219,0.09239999949932098,0.10849999636411667,0.09650000184774399,0.28220000863075256,0.2752000093460083,0.04560000076889992,0.4009000062942505,0.06270000338554382,0.30250000953674316,0.8129000067710876
P19833.1,Extracellular,Signal peptide,Soluble,0.23420000076293945,0.14470000565052032,0.8034999966621399,0.03550000116229057,0.37470000982284546,0.06599999964237213,0.18160000443458557,0.19529999792575836,0.21860000491142273,0.0026000000070780516,0.44920000433921814,0.09019999951124191,0.25290000438690186,0.7297000288963318
