Protein_ID,Localizations,Signals,Membrane types,Cytoplasm,Nucleus,Extracellular,Cell membrane,Mitochondrion,Plastid,Endoplasmic reticulum,Lysosome/Vacuole,Golgi apparatus,Peroxisome,Peripheral,Transmembrane,Lipid anchor,Soluble
WP_054022242.1_M21,Cytoplasm,Nuclear localization signal,Soluble,0.48179998993873596,0.37130001187324524,0.5964000225067139,0.1884,0.086400002,0.025499999523162842,0.2964000105857849,0.37860000133514404,0.1501999944448471,0.0056,0.3546999990940094,0.050700001418590546,0.2825999855995178,0.7944999933242798
ASA57064.1_M1,Extracellular|Lysosome/Vacuole,,Soluble,0.44190001487731934,0.2533000111579895,0.6962000131607056,0.26489999890327454,0.12520000338554382,0.024000000208616257,0.3312000036239624,0.5956000089645386,0.2337999939918518,0.0043,0.47380000352859497,0.048,0.30320000648498535,0.782800019
G9BY57.1,Extracellular,Signal peptide,Soluble,0.1518000066280365,0.085900001,0.8334000110626221,0.063600004,0.12919999659061432,0.031800002,0.5742999911308289,0.3416999876499176,0.2612999975681305,0.0022,0.4948999881744385,0.17149999737739563,0.1679999977350235,0.6244999766349792
BAB86909.1_M1,Cytoplasm,Nuclear localization signal,Soluble,0.4837000072002411,0.3725999891757965,0.5784000158309937,0.20589999854564667,0.10520000010728836,0.022299999371170998,0.34929999709129333,0.4503999948501587,0.1809999942779541,0.010400000028312206,0.3822000026702881,0.0495,0.25839999318122864,0.7865999937057495
BAC67195.1_M1,Cytoplasm,,Soluble,0.6449000239372253,0.3831000030040741,0.3483000099658966,0.15530000627040863,0.34459999203681946,0.10379999876022339,0.2962000072002411,0.39730000495910645,0.16689999401569366,0.084700003,0.5364000201225281,0.1768999993801117,0.15230000019073486,0.673799992
BAF57210.1_M1,Cytoplasm,,Peripheral|Soluble,0.44519999623298645,0.26510000228881836,0.49399998784065247,0.20360000431537628,0.5002999901771545,0.068700001,0.38429999351501465,0.44920000433921814,0.2678000032901764,0.043900002,0.649399996,0.18289999663829803,0.17339999973773956,0.6241000294685364
BAN42606.1_M1,Extracellular,Signal peptide,Soluble,0.14339999854564667,0.12049999833106995,0.9528999924659729,0.0581,0.13670000433921814,0.022700000554323196,0.11550000309944153,0.041299999,0.034899998,0.0469,0.4510999917984009,0.044100001,0.30140000581741333,0.8561000227928162
DRR016455_58_M1,Cytoplasm|Extracellular,,Soluble,0.5613999962806702,0.1754000037908554,0.8744999766349792,0.10369999706745148,0.11219999939203262,0.081699997,0.12430000305175781,0.32339999079704285,0.17339999973773956,0.053199999034404755,0.4180999994277954,0.072800003,0.2766999900341034,0.7623999714851379
DRR046399_6024_M1,Cytoplasm|Extracellular,,Soluble,0.5559999942779541,0.22010000050067902,0.8948000073432922,0.30219998955726624,0.060499999672174454,0.027799999341368675,0.28839999437332153,0.5285999774932861,0.21770000457763672,0.011500000022351742,0.41659998893737793,0.048099998,0.336899996,0.7842000126838684
DRR056885_121_M1,Cytoplasm|Extracellular,Nuclear localization signal,Soluble,0.4885999858379364,0.38600000739097595,0.7648000121116638,0.27730000019073486,0.096100003,0.020500000566244125,0.3517000079154968,0.5667999982833862,0.26170000433921814,0.0108,0.36579999327659607,0.045600001,0.30970001220703125,0.8276000022888184
DRR322242_2006_M1,Cytoplasm|Extracellular,,Soluble,0.516700029,0.36160001158714294,0.8166999816894531,0.2101999968290329,0.076800004,0.022700000554323196,0.2410999983549118,0.42570000886917114,0.24650000035762787,0.013000000268220901,0.461899996,0.0568,0.2680000066757202,0.7843999862670898
DRR509554_23646_M1,Extracellular,,Soluble,0.44369998574256897,0.4196999967098236,0.7081999778747559,0.26840001344680786,0.10260000079870224,0.065499999,0.2847999930381775,0.3215000033378601,0.3537999987602234,0.0385,0.44679999351501465,0.057,0.2596000134944916,0.7631000280380249
ERR10087380_58920_M1,Cytoplasm|Extracellular,Nuclear localization signal,Soluble,0.5805000066757202,0.42989999055862427,0.7918000221252441,0.2493000030517578,0.079999998,0.052099999,0.32839998602867126,0.4607999920845032,0.20559999346733093,0.0036,0.35749998688697815,0.0572,0.23899999260902405,0.8127999901771545
ERR10123727_166025_M1,Cytoplasm|Extracellular,Nuclear localization signal,Soluble,0.5972999930381775,0.3222000002861023,0.7639999985694885,0.2215999960899353,0.15760000050067902,0.004,0.3118000030517578,0.45419999957084656,0.21089999377727509,0.0037,0.4018000066280365,0.036800001,0.29829999804496765,0.8233000040054321
ERR10482439_252531_M1,Cytoplasm|Extracellular,,Soluble,0.5442000031471252,0.36239999532699585,0.7973999977111816,0.15940000116825104,0.16410000622272491,0.037599999,0.26750001311302185,0.15680000185966492,0.13840000331401825,0.0079,0.36959999799728394,0.082000002,0.21649999916553497,0.7426000237464905
ERR10482440_903875_M1,Cytoplasm|Extracellular,Signal peptide,Soluble,0.6055999994277954,0.2619999945163727,0.7299000024795532,0.3630000054836273,0.12610000371932983,0.091499999,0.4788999855518341,0.3416000008583069,0.3587000072002411,0.0348,0.32280001044273376,0.082099997,0.24410000443458557,0.7595000267028809
ERR10640994_226214_M1,Extracellular,Nuclear localization signal,Soluble,0.45249998569488525,0.47839999198913574,0.5986999869346619,0.3021000027656555,0.11429999768733978,0.10379999876022339,0.336899996,0.40139999985694885,0.18930000066757202,0.0084,0.37700000405311584,0.047800001,0.20900000631809235,0.8240000009536743
ERR10640994_379232_M1,Extracellular|Lysosome/Vacuole,,Soluble,0.47510001063346863,0.4388999938964844,0.781499982,0.20270000398159027,0.12849999964237213,0.038800001,0.36880001425743103,0.640500009,0.2736999988555908,0.0177,0.4611999988555908,0.042100001126527786,0.32919999957084656,0.7847999930381775
ERR10641118_142160_M1,Extracellular,,Soluble,0.2791999876499176,0.3531999886035919,0.8059999942779541,0.3472999930381775,0.10939999669790268,0.024499999,0.3285999894142151,0.32190001010894775,0.25679999589920044,0.095100001,0.48919999599456787,0.052400000393390656,0.28610000014305115,0.7562999725341797
ERR10641118_502282_M1,Cytoplasm|Extracellular,,Soluble,0.5530999898910522,0.32409998774528503,0.7152000069618225,0.20360000431537628,0.10180000215768814,0.0121,0.28839999437332153,0.38339999318122864,0.17949999868869781,0.0075,0.3822000026702881,0.0546,0.2718999981880188,0.8048999905586243
ERR10789850_92482_M1,Cytoplasm|Extracellular,Nuclear localization signal,Soluble,0.5460000038146973,0.3467999994754791,0.8230999708175659,0.2632000148296356,0.11749999970197678,0.023099999874830246,0.2092999964952469,0.41269999742507935,0.25060001015663147,0.0073,0.47909998893737793,0.0592,0.31029999256134033,0.7515000104904175
ERR10822306_273555_M1,Cytoplasm|Extracellular,,Soluble,0.49079999327659607,0.2685999870300293,0.8172000050544739,0.2768000066280365,0.069700003,0.040199999,0.18709999322891235,0.42739999294281006,0.1273999959230423,0.0173,0.439300001,0.047200001776218414,0.30410000681877136,0.7904999852180481
ERR11028298_3008807_M2,Extracellular,Nuclear localization signal,Soluble,0.44350001215934753,0.4790000021457672,0.6589000225067139,0.14020000398159027,0.1445000022649765,0.019400001,0.1363999992609024,0.27410000562667847,0.2818000018596649,0.0087,0.3767000138759613,0.071999997,0.2590000033378601,0.8198999762535095
ERR11028393_217052_M1,Cytoplasm|Extracellular,Nuclear localization signal,Soluble,0.6360999941825867,0.40450000762939453,0.7254999876022339,0.1882999986410141,0.11509999632835388,0.029200000688433647,0.3149000108242035,0.2888000011444092,0.1923000067472458,0.0098,0.3628999888896942,0.075599998,0.3474000096321106,0.7915999889373779
ERR12115642_305438_M1,Cytoplasm|Extracellular,,Soluble,0.5045999884605408,0.26750001311302185,0.8339999914169312,0.087300003,0.081699997,0.0086,0.17669999599456787,0.400299996,0.21549999713897705,0.019999999552965164,0.3716000020503998,0.0634,0.25519999861717224,0.7875999808311462
ERR1346831_178792_M1,Cytoplasm|Extracellular,Nuclear localization signal,Soluble,0.6111999750137329,0.38920000195503235,0.824400008,0.2540000081062317,0.120899998,0.079599999,0.2134000062942505,0.32760000228881836,0.16840000450611115,0.011800000444054604,0.3562999963760376,0.072700001,0.31299999356269836,0.7824000120162964
ERR1579315_76907_M1,Extracellular,,Soluble,0.4332999885082245,0.3382999897003174,0.8712999820709229,0.3206999897956848,0.14470000565052032,0.0036,0.2085999995470047,0.20739999413490295,0.1387999951839447,0.0025,0.38769999146461487,0.0228,0.4255000054836273,0.8219000101089478
ERR2241851_78442_M1,Cytoplasm|Extracellular,,Soluble,0.5414000153541565,0.34860000014305115,0.7487000226974487,0.18389999866485596,0.096600004,0.010999999940395355,0.26080000400543213,0.41920000314712524,0.12380000203847885,0.0064,0.3785000145435333,0.053700000047683716,0.3271999955177307,0.7875000238418579
ERR2752155_114826_M1,Cytoplasm|Extracellular,,Soluble,0.47699999809265137,0.3538999855518341,0.845799983,0.14169999957084656,0.11299999803304672,0.0062,0.14489999413490295,0.4092000126838684,0.13819999992847443,0.0023,0.4219000041484833,0.038100000470876694,0.3111000061035156,0.8172000050544739
ERR2762187_7288_M1,Extracellular,,Soluble,0.4205000102519989,0.2506999969482422,0.8852999806404114,0.16670000553131104,0.076499999,0.0053,0.1762000024318695,0.4763999879360199,0.1234000027179718,0.0021,0.3970000147819519,0.038800001,0.41659998893737793,0.8220000267028809
ERR2900754_66884_M1,Cytoplasm|Extracellular,Nuclear localization signal,Soluble,0.6169999837875366,0.4902999997138977,0.7225000262260437,0.23440000414848328,0.1111999973654747,0.035700001,0.39410001039505005,0.4043000042438507,0.24639999866485596,0.0015,0.38940000534057617,0.056299999356269836,0.2329999953508377,0.8112000226974487
ACM79141.1,Cytoplasm,Peroxisomal targeting signal,Soluble,0.7469000220298767,0.29510000348091125,0.3619000017642975,0.22390000522136688,0.4896000027656555,0.092,0.10830000042915344,0.11959999799728394,0.17569999396800995,0.6062999963760376,0.5170999765396118,0.10599999874830246,0.18050000071525574,0.7919999957084656
SRR26075152_134008,Extracellular,Signal peptide,Soluble,0.15240000188350677,0.1193000003695488,0.8406000137329102,0.079700001,0.10890000313520432,0.13289999961853027,0.050700001418590546,0.19130000472068787,0.15780000388622284,0.010700000450015068,0.44929999113082886,0.0482,0.364300013,0.8159000277519226
SRR26290402_3525830,Extracellular,Signal peptide,Soluble,0.1736000031232834,0.19550000131130219,0.7200000286102295,0.097199999,0.075800002,0.022500001,0.088699996,0.13359999656677246,0.17059999704360962,0.016300000250339508,0.36410000920295715,0.054999999701976776,0.3176000118255615,0.8288000226020813
SRR26290450_3599995,Extracellular,Signal peptide,Soluble,0.15530000627040863,0.1039000004529953,0.8634999990463257,0.0735,0.38589999079704285,0.032200001,0.1006999984383583,0.2994000017642975,0.16509999334812164,0.004,0.4156000018119812,0.053399999,0.2969000041484833,0.8068000078201294
SRR26290483_118036,Extracellular,Signal peptide,Soluble,0.18639999628067017,0.11010000109672546,0.873199999,0.12860000133514404,0.079499997,0.0061,0.11209999769926071,0.40939998626708984,0.19930000603199005,0.0014,0.334199995,0.054000001,0.3215000033378601,0.809499979
ADV92526.1,Cytoplasm|Extracellular,,Soluble,0.5185999870300293,0.29339998960494995,0.7594000101089478,0.20340000092983246,0.12330000102519989,0.084200002,0.3231000006198883,0.32019999623298645,0.1695999950170517,0.060899999,0.4528999924659729,0.0638,0.36890000104904175,0.7355999946594238
ERR3305565_5448_M1,Cytoplasm|Extracellular,,Soluble,0.5595999956130981,0.2612999975681305,0.8270999789237976,0.1598999947309494,0.056600001,0.043299999088048935,0.24959999322891235,0.28600001335144043,0.17579999566078186,0.0038,0.41620001196861267,0.0625,0.28949999809265137,0.7926999926567078
ERR3566182_370096_M1,Cytoplasm|Extracellular,,Soluble,0.6352999806404114,0.34279999136924744,0.7915999889373779,0.2547000050544739,0.10490000247955322,0.014299999922513962,0.3666999936103821,0.4943999946117401,0.34630000591278076,0.010999999940395355,0.39480000734329224,0.066,0.2671999931335449,0.7853000164031982
ERR3588746_23368_M1,Extracellular,,Soluble,0.4269999861717224,0.32179999351501465,0.8919000029563904,0.12809999287128448,0.10409999638795853,0.005,0.1551000028848648,0.3610000014305115,0.13040000200271606,0.0026,0.4311000108718872,0.042899999767541885,0.3970000147819519,0.7910000085830688
SRR26313965_71362,Extracellular,Signal peptide,Soluble,0.15360000729560852,0.1729000061750412,0.8586999773979187,0.064599998,0.16580000519752502,0.038199998,0.147599995,0.13050000369548798,0.15399999916553497,0.0012,0.24539999663829803,0.041099999099969864,0.3896999955177307,0.8100000023841858
SRR26319883_566195,Extracellular,Signal peptide,Soluble,0.18219999969005585,0.077699997,0.8321999907493591,0.11980000138282776,0.12189999967813492,0.012199999764561653,0.17110000550746918,0.31189998984336853,0.14560000598430634,0.0014,0.24220000207424164,0.077200003,0.3271999955177307,0.8098000288009644
SRR26324216_19427,Extracellular,Signal peptide,Soluble,0.1429000049829483,0.1923999935388565,0.7516999840736389,0.084100001,0.098800004,0.095100001,0.074500002,0.11630000174045563,0.1143999993801117,0.0079,0.45320001244544983,0.053700000047683716,0.27379998564720154,0.8208000063896179
SRR26541423_84165,Extracellular,Signal peptide,Soluble,0.14920000731945038,0.11069999635219574,0.9031000137329102,0.047699999,0.21559999883174896,0.042899999767541885,0.1225999966263771,0.20720000565052032,0.2282000035047531,0.0022,0.29100000858306885,0.024599999,0.485399991,0.8321999907493591
SRR26541433_19998,Extracellular,Signal peptide,Soluble,0.2500999867916107,0.120899998,0.9469000101089478,0.10530000180006027,0.2904999852180481,0.046100002,0.1071000024676323,0.3765000104904175,0.19599999487400055,0.002,0.40400001406669617,0.047499999,0.3221000134944916,0.805400014
ERR3697023_14244245_M2,Extracellular,Nuclear localization signal,Soluble,0.4361000061035156,0.3776000142097473,0.580299973,0.21070000529289246,0.10050000250339508,0.012299999594688416,0.25360000133514404,0.3021000027656555,0.20509999990463257,0.0025,0.4675000011920929,0.050900001,0.2786000072956085,0.805899978
ERR4674853_86664_M1,Cytoplasm|Extracellular,Signal peptide,Soluble,0.5187000036239624,0.24369999766349792,0.8361999988555908,0.27709999680519104,0.072700001,0.0298,0.41130000352859497,0.552299976,0.30970001220703125,0.0098,0.44350001215934753,0.0568,0.31220000982284546,0.7609999775886536
ERR4801149_9489_M1,Cytoplasm,Nuclear localization signal,Soluble,0.6679999828338623,0.3418000042438507,0.5403000116348267,0.2761000096797943,0.131400004,0.014600000344216824,0.4726000130176544,0.2761000096797943,0.20759999752044678,0.0063,0.3783000111579895,0.054200001,0.29440000653266907,0.8341000080108643
ERR5947503_322_M1,Cytoplasm|Extracellular,Nuclear localization signal,Soluble,0.5703999996185303,0.45010000467300415,0.7738999724388123,0.20389999449253082,0.082900003,0.063600004,0.2816999852657318,0.44020000100135803,0.19660000503063202,0.0042,0.3824000060558319,0.059599999,0.23479999601840973,0.8129000067710876
ERR6465722_199879_M1,Cytoplasm|Extracellular,,Soluble,0.5964000225067139,0.43860000371932983,0.7734000086784363,0.251800001,0.068800002,0.0229,0.3474999964237213,0.46889999508857727,0.22589999437332153,0.0051,0.3725999891757965,0.058499999,0.22470000386238098,0.8152999877929688
ERR7163074_457660_M1,Cytoplasm|Extracellular,Nuclear localization signal,Soluble,0.5849000215530396,0.3100999891757965,0.9023000001907349,0.21299999952316284,0.10189999639987946,0.0057,0.14159999787807465,0.22990000247955322,0.1665000021457672,0.0009,0.3479999899864197,0.037799999,0.4154999852180481,0.8224999904632568
ERR7672960_23882_M1,Cytoplasm|Extracellular,Nuclear localization signal,Soluble,0.4952999949455261,0.44040000438690186,0.6883999705314636,0.16830000281333923,0.1080000028014183,0.0284,0.35690000653266907,0.5428000092506409,0.303600013,0.0084,0.4092000126838684,0.049199998,0.22370000183582306,0.8019999861717224
ERR8106065_1375561_M1,Cytoplasm|Extracellular,,Soluble,0.5126000046730042,0.35010001063346863,0.7924000024795532,0.24279999732971191,0.067000002,0.011900000274181366,0.16760000586509705,0.2782999873161316,0.17640000581741333,0.0037,0.3813000023365021,0.043699998408555984,0.3025999963283539,0.8227999806404114
SRR26587149_857731,Extracellular,Signal peptide,Soluble,0.21080000698566437,0.11460000276565552,0.9052000045776367,0.049699999,0.19179999828338623,0.058800000697374344,0.1615999937057495,0.089599997,0.11620000004768372,0.0006,0.391400009,0.0744,0.336899996,0.7361000180244446
ERR868484_4384_M1,Cytoplasm|Extracellular,,Soluble,0.508400023,0.2775000035762787,0.8967000246047974,0.26489999890327454,0.088,0.0075,0.16920000314712524,0.16830000281333923,0.10459999740123749,0.022099999710917473,0.3634999990463257,0.033199999,0.42649999260902405,0.8033999800682068
ERR9287623_1288104_M1,Extracellular,,Soluble,0.34630000591278076,0.3312999904155731,0.875,0.297899991,0.26350000500679016,0.0051,0.13410000503063202,0.16410000622272491,0.10769999772310257,0.010099999606609344,0.4697999954223633,0.021700000390410423,0.5184000134468079,0.7906000018119812
SRR26965291_34719,Extracellular,Signal peptide,Soluble,0.093900003,0.11299999803304672,0.8565999865531921,0.045400001,0.13539999723434448,0.061700001,0.059799999,0.16439999639987946,0.097900003,0.0186,0.44749999046325684,0.050799999,0.24079999327659607,0.8216999769210815
ERR9698294_3076_M1,Cytoplasm|Extracellular,Nuclear localization signal,Soluble,0.5120000243186951,0.2912999987602234,0.796999991,0.2329999953508377,0.090400003,0.020300001,0.2192,0.4715000092983246,0.27970001101493835,0.0052,0.48820000886917114,0.061400000005960464,0.3222000002861023,0.7458000183105469
ERR9769279_34127_M1,Cytoplasm|Extracellular,,Soluble,0.5209000110626221,0.35600000619888306,0.6904000043869019,0.2655999958515167,0.14030000567436218,0.0085,0.30709999799728394,0.23080000281333923,0.13269999623298645,0.013399999588727951,0.42660000920295715,0.048999999,0.39629998803138733,0.7864000201225281
ERR9936833_584_M1,Extracellular,,Soluble,0.4113999903202057,0.38429999351501465,0.5781000256538391,0.18729999661445618,0.10119999945163727,0.0149,0.22020000219345093,0.3856000006198883,0.2409999966621399,0.0071,0.48570001125335693,0.058800000697374344,0.28999999165534973,0.7954999804496765
ERR9936846_204_M1,Extracellular,Nuclear localization signal,Soluble,0.41499999165534973,0.39230001,0.5788999795913696,0.18529999256134033,0.10130000114440918,0.0151,0.24160000681877136,0.3970000147819519,0.23970000445842743,0.0058,0.4948999881744385,0.059599999,0.27140000462532043,0.7955999970436096
ERR9963791_1782184_M1,Cytoplasm|Extracellular,Nuclear localization signal,Soluble,0.5194000005722046,0.46950000524520874,0.7128999829292297,0.17730000615119934,0.12139999866485596,0.025299999862909317,0.3946000039577484,0.5547000169754028,0.29330000281333923,0.016300000250339508,0.45399999618530273,0.062799998,0.24639999866485596,0.7408999800682068
ERR9963791_553102_M1,Cytoplasm,Nuclear localization signal,Soluble,0.5138999819755554,0.3447999954223633,0.4514000117778778,0.20520000159740448,0.098899998,0.10429999977350235,0.2272000014781952,0.2890999913215637,0.093999997,0.021400000900030136,0.4156000018119812,0.11159999668598175,0.19869999587535858,0.7731000185012817
G9BY57.1_M3,Cytoplasm,Nuclear localization signal,Soluble,0.4731999933719635,0.3116,0.6114000082015991,0.13289999961853027,0.077600002,0.029200000688433647,0.2671000063419342,0.47530001401901245,0.195700005,0.022099999710917473,0.43639999628067017,0.064000003,0.20919999480247498,0.7372999787330627
MBQ0729274.1_M1,Extracellular,,Soluble,0.4722999930381775,0.2858999967575073,0.8671000003814697,0.2371000051498413,0.066299997,0.0058,0.20069999992847443,0.385699987,0.13050000369548798,0.002,0.4056999981403351,0.040399998,0.42730000615119934,0.808899999
MGYP000931547452A_M1,Cytoplasm|Extracellular,Signal peptide,Soluble,0.4860999882221222,0.36230000853538513,0.7716000080108643,0.2168000042438507,0.11339999735355377,0.14000000059604645,0.4189999997615814,0.2442999929189682,0.25920000672340393,0.11980000138282776,0.4049000144004822,0.076399997,0.3052000105381012,0.7738999724388123
MGYP002716753343A_M1,Cytoplasm|Extracellular,,Soluble,0.5419999957084656,0.2808000147342682,0.8140000104904175,0.17659999430179596,0.15060000121593475,0.085699998,0.072099999,0.054499998688697815,0.045299999,0.0017,0.2784999907016754,0.098700002,0.20579999685287476,0.7405999898910522
MGYP003385382674A_M1,Cytoplasm,Nuclear localization signal,Soluble,0.5885999798774719,0.46320000290870667,0.5271999835968018,0.2298000007867813,0.057500001043081284,0.017400000244379044,0.18240000307559967,0.10270000249147415,0.087899998,0.0561,0.4415999948978424,0.061099999,0.22360000014305115,0.821399987
P06873.2_M1,Extracellular,Signal peptide,Soluble,0.4706000089645386,0.22460000216960907,0.9484999775886536,0.10100000351667404,0.17579999566078186,0.011300000362098217,0.078199998,0.10270000249147415,0.086000003,0.01,0.2540000081062317,0.024599999,0.2443999946117401,0.9007999897003174
UUT36763.1,Extracellular,Signal peptide,Soluble,0.085600004,0.093699999,0.9126999974250793,0.068499997,0.28349998593330383,0.066,0.1273999959230423,0.16609999537467957,0.1120000034570694,0.0012,0.19089999794960022,0.041600000113248825,0.34929999709129333,0.8672999739646912
SRR3314882_89058,Extracellular,Signal peptide,Soluble,0.1881999969482422,0.11829999834299088,0.8271999955177307,0.070500001,0.28290000557899475,0.0748,0.19169999659061432,0.1657000035047531,0.17470000684261322,0.0046,0.35100001096725464,0.043800000101327896,0.48030000925064087,0.8299000263214111
P19833.1_M1,Cytoplasm|Extracellular,Signal peptide,Soluble,0.4771000146865845,0.21610000729560852,0.9056000113487244,0.14910000562667847,0.12720000743865967,0.012199999764561653,0.10329999774694443,0.2078000009059906,0.2378000020980835,0.038800001,0.422899991,0.061700001,0.3488999903202057,0.7767000198364258
P80146.3_M2,Extracellular,,Soluble,0.3912999927997589,0.11569999903440475,0.7591000199317932,0.054000001,0.3253999948501587,0.027000000700354576,0.1712999939918518,0.16580000519752502,0.11180000007152557,0.0097,0.4927000105381012,0.029400000348687172,0.24629999697208405,0.8428000211715698
RLU00646.1_M1,Cytoplasm|Extracellular,,Soluble,0.5493000149726868,0.2484000027179718,0.8300999999046326,0.13670000433921814,0.086300001,0.0023,0.2012999951839447,0.421099991,0.18000000715255737,0.0018,0.4065999984741211,0.044799998,0.3653999865055084,0.7997000217437744
SRR10053376_3326_M1,Cytoplasm|Extracellular,Nuclear localization signal,Soluble,0.5376999974250793,0.31929999589920044,0.6485000252723694,0.21439999341964722,0.16040000319480896,0.012600000016391277,0.23819999396800995,0.31540000438690186,0.24729999899864197,0.0075,0.41190001368522644,0.0495,0.22529999911785126,0.8208000063896179
SRR3989453_37515,Extracellular,Signal peptide,Peripheral|Soluble,0.21549999713897705,0.2207999974489212,0.7890999913215637,0.3587999939918518,0.11230000108480453,0.1670999974012375,0.029999999329447746,0.0449,0.20229999721050262,0.063100003,0.614300013,0.2824000120162964,0.37689998745918274,0.539900005
SRR4128967_345579,Extracellular,Signal peptide,Soluble,0.1436000019311905,0.0594,0.9315000176429749,0.0568,0.22689999639987946,0.068000004,0.11029999703168869,0.11590000241994858,0.10809999704360962,0.0034,0.46970000863075256,0.061000000685453415,0.2476000040769577,0.7721999883651733
SRR5469033_60193,Extracellular,Signal peptide,Soluble,0.16380000114440918,0.1469999998807907,0.8673999905586243,0.062300000339746475,0.2183,0.0288,0.16339999437332153,0.25040000677108765,0.19850000739097595,0.002,0.46970000863075256,0.0348,0.41510000824928284,0.8198999762535095
SRR5582322_91355,Extracellular,Signal peptide,Soluble,0.16760000586509705,0.0836,0.9455999732017517,0.051199999,0.1859000027179718,0.077500001,0.075800002,0.089500003,0.088699996,0.0064,0.45249998569488525,0.0726,0.22439999878406525,0.7781000137329102
G9BY57.1_M1,Extracellular,Signal peptide,Soluble,0.16910000145435333,0.083800003,0.8514999747276306,0.064499997,0.12219999730587006,0.032099999487400055,0.5672000050544739,0.37720000743865967,0.28859999775886536,0.0027,0.48179998993873596,0.14100000262260437,0.16830000281333923,0.6855999827384949
SRR10276843_1765_M1,Cytoplasm|Extracellular,,Soluble,0.57980001,0.3833000063896179,0.8396999835968018,0.20170000195503235,0.120899998,0.015200000256299973,0.19339999556541443,0.19220000505447388,0.084100001,0.0037,0.31769999861717224,0.051500000059604645,0.3257000148296356,0.8084999918937683
SRR10342238_19559_M1,Cytoplasm,Nuclear localization signal,Soluble,0.46149998903274536,0.3400999903678894,0.5357000231742859,0.17579999566078186,0.14499999582767487,0.022,0.19820000231266022,0.2831999957561493,0.2572000026702881,0.0046,0.4230000078678131,0.067599997,0.2581999897956848,0.8112999796867371
SRR10408973_194281_M1,Cytoplasm|Extracellular,Nuclear localization signal,Soluble,0.5227000117301941,0.45910000801086426,0.6205999851226807,0.22120000422000885,0.091300003,0.086999997,0.32670000195503235,0.3833000063896179,0.22169999778270721,0.015200000256299973,0.3736000061035156,0.052299998700618744,0.2037999927997589,0.8080999851226807
SRR10848474_194765_M1,Cytoplasm|Extracellular,Nuclear localization signal,Soluble,0.5544999837875366,0.43720000982284546,0.6438000202178955,0.2053000032901764,0.11580000072717667,0.029999999329447746,0.2996000051498413,0.37049999833106995,0.1940000057220459,0.0036,0.39910000562667847,0.063500002,0.2370000034570694,0.810699999
SRR10853130_13600-1_M1,Cytoplasm|Extracellular,,Soluble,0.5516999959945679,0.375,0.7555999755859375,0.15449999272823334,0.097499996,0.0025,0.24539999663829803,0.4823000133037567,0.22429999709129333,0.0014,0.4032999873161316,0.0484,0.3409999907016754,0.7947999835014343
SRR10853130_13600-2_M1,Cytoplasm|Extracellular,,Soluble,0.4982999861240387,0.3257000148296356,0.8464000225067139,0.1582999974489212,0.11129999905824661,0.0019,0.20229999721050262,0.4323999881744385,0.2142000049352646,0.0019,0.4056999981403351,0.0427,0.3765999972820282,0.8034999966621399
SRR11005201_40376_M1,Cytoplasm|Extracellular,,Soluble,0.4867999851703644,0.2597000002861023,0.8952999711036682,0.19580000638961792,0.095299996,0.028000001,0.24449999630451202,0.529200017,0.25459998846054077,0.0229,0.4424999952316284,0.050999999046325684,0.38100001215934753,0.7501999735832214
BAC02717.1,Cytoplasm,Nuclear localization signal,Soluble,0.8094000220298767,0.49390000104904175,0.049300000071525574,0.077699997,0.064099997,0.0306,0.039099999,0.2418999969959259,0.12890000641345978,0.020500000566244125,0.3628999888896942,0.11490000039339066,0.049600001,0.8413000106811523
AR241010_152_M2,Extracellular,Signal peptide,Soluble,0.15049999952316284,0.16099999845027924,0.6585000157356262,0.064199999,0.088100001,0.0616,0.061799999326467514,0.18400000035762787,0.15070000290870667,0.0092,0.44179999828338623,0.0473,0.31940001249313354,0.817799985
AR241010_77,Extracellular,Signal peptide,Soluble,0.22949999570846558,0.077100001,0.8863999843597412,0.14239999651908875,0.18129999935626984,0.0074,0.17219999432563782,0.20730000734329224,0.11320000141859055,0.0006,0.3084000051021576,0.077799998,0.4115000069141388,0.7749999761581421
SAY37592.1,Cytoplasm|Extracellular,,Soluble,0.557200015,0.25060001015663147,0.8095999956130981,0.17249999940395355,0.11969999969005585,0.049800001084804535,0.24570000171661377,0.29679998755455017,0.1655000001192093,0.0177,0.37119999527931213,0.0616,0.3806999921798706,0.7414000034332275
SRR11308339_666916_M1,Cytoplasm|Extracellular,Nuclear localization signal,Soluble,0.5408999919891357,0.40209999680519104,0.8307999968528748,0.3138999938964844,0.099699996,0.0067,0.23510000109672546,0.1316000074148178,0.085500002,0.001,0.3806000053882599,0.032499998807907104,0.35019999742507935,0.810699999
SRR11534412_304166_M1,Extracellular,,Soluble,0.41940000653266907,0.2160000056028366,0.8600000143051147,0.2168000042438507,0.089299999,0.049600001,0.15610000491142273,0.2637999951839447,0.0986,0.011099999770522118,0.34279999136924744,0.061000000685453415,0.29159998893737793,0.8065999746322632
SRR11659431_25115_M1,Extracellular,,Soluble,0.3614000082015991,0.15399999916553497,0.777999997,0.24570000171661377,0.087300003,0.10939999669790268,0.12290000170469284,0.065399997,0.21969999372959137,0.043800000101327896,0.3774000108242035,0.079899997,0.6675000190734863,0.6571000218391418
SRR11729891_316159_M1,Extracellular,,Soluble,0.4700999855995178,0.3644999861717224,0.8241999745368958,0.15610000491142273,0.13500000536441803,0.0034,0.13930000364780426,0.40720000863075256,0.1396999955177307,0.0017,0.42019999,0.034400001,0.37070000171661377,0.8284000158309937
SAY37592.1_M1,Cytoplasm|Extracellular,,Soluble,0.5552999973297119,0.25220000743865967,0.8248000144958496,0.17190000414848328,0.12039999663829803,0.047800001,0.2433999925851822,0.2904999852180481,0.17239999771118164,0.014999999664723873,0.3614000082015991,0.0634,0.3901999890804291,0.7436000108718872
SRR11742962_521374_M1,Cytoplasm|Extracellular,Nuclear localization signal,Soluble,0.5763000249862671,0.37689998745918274,0.8213000297546387,0.18240000307559967,0.13950000703334808,0.049300000071525574,0.31630000472068787,0.4384,0.30480000376701355,0.0035,0.37599998712539673,0.061700001,0.23229999840259552,0.800000012
P80146.3_M1,Cytoplasm|Extracellular,Signal peptide,Soluble,0.507099986,0.13779999315738678,0.8956999778747559,0.046999998,0.30309998989105225,0.071699999,0.1477999985218048,0.17319999635219574,0.1307000070810318,0.016200000420212746,0.4262999892234802,0.0546,0.12139999866485596,0.85769999
SRR12193045_101336_M1,Cytoplasm,,Soluble,0.5012999773025513,0.3431999981403351,0.5078999996185303,0.24779999256134033,0.071800001,0.0263,0.2948000133037567,0.5170999765396118,0.16030000150203705,0.0048,0.3944999873638153,0.095700003,0.20649999380111694,0.7785000205039978
SRR12266064_2045115_M2,Cytoplasm,Nuclear localization signal,Soluble,0.5127000212669373,0.31709998846054077,0.5623999834060669,0.2451000064611435,0.11159999668598175,0.006,0.21379999816417694,0.29170000553131104,0.22660000622272491,0.0048,0.4650000035762787,0.039000000804662704,0.2856000065803528,0.8392000198364258
P29600.1_M1,Cytoplasm,Nuclear localization signal,Soluble,0.6274999976158142,0.36149999499320984,0.5235000252723694,0.22259999811649323,0.45019999146461487,0.1808999925851822,0.12030000239610672,0.12770000100135803,0.12860000133514404,0.064999998,0.5199000239372253,0.062199998646974564,0.16619999706745148,0.8230999708175659
SRR12266064_85133_M1,Extracellular,Nuclear localization signal,Soluble,0.39629998803138733,0.3368000090122223,0.6078000068664551,0.20880000293254852,0.12970000505447388,0.013700000010430813,0.30410000681877136,0.29019999504089355,0.23569999635219574,0.0074,0.5042999982833862,0.0539,0.2273000031709671,0.7930999994277954
SRR12347921_19312_M1,Extracellular,Nuclear localization signal,Soluble,0.41920000314712524,0.3628000020980835,0.588699996,0.20919999480247498,0.11940000206232071,0.017200001,0.26409998536109924,0.3864000141620636,0.2434999942779541,0.0054,0.5094000101089478,0.051899999380111694,0.2705000042915344,0.7950999736785889
SRR12678602_62414_M1,Cytoplasm|Extracellular,Nuclear localization signal,Soluble,0.5131999850273132,0.38989999890327454,0.8517000079154968,0.23960000276565552,0.1446000039577484,0.019300000742077827,0.23019999265670776,0.37560001015663147,0.21060000360012054,0.0062,0.4007999897003174,0.059999999,0.29170000553131104,0.7608000040054321
SRR12687296_626766_M1,Extracellular,,Soluble,0.4307999908924103,0.35830000042915344,0.8539000153541565,0.4697999954223633,0.10379999876022339,0.0045,0.14820000529289246,0.2125999927520752,0.084799998,0.0029,0.43320000171661377,0.027000000700354576,0.43389999866485596,0.7994999885559082
SRR13207077_558_M1,Cytoplasm,Nuclear localization signal,Soluble,0.43860000371932983,0.3849000036716461,0.5692999958992004,0.2328999936580658,0.11909999698400497,0.0151,0.20720000565052032,0.32989999651908875,0.1882999986410141,0.006,0.4722999930381775,0.051800001,0.2782000005245209,0.800599992
SRR13588849_74531_M1,Cytoplasm|Extracellular,Signal peptide,Soluble,0.5253999829292297,0.2079000025987625,0.883400023,0.2928999960422516,0.066699997,0.029200000688433647,0.3610999882221222,0.5719000101089478,0.25130000710487366,0.0112,0.41940000653266907,0.062199998646974564,0.32739999890327454,0.7616999745368958
SRR13588904_28417_M1,Cytoplasm|Extracellular,Nuclear localization signal,Soluble,0.5454999804496765,0.36719998717308044,0.6262000203132629,0.2092999964952469,0.11919999867677689,0.014700000174343586,0.2110999971628189,0.3325999975204468,0.22210000455379486,0.0069,0.388700008,0.050000001,0.1914999932050705,0.8361999988555908
SRR13589008_41305_M2,Extracellular,Nuclear localization signal,Soluble,0.4212999939918518,0.3314000070095062,0.673799992,0.20069999992847443,0.12620000541210175,0.010099999606609344,0.16040000319480896,0.28839999437332153,0.1404000073671341,0.0049,0.4677000045776367,0.048599999,0.2702000141143799,0.8116000294685364
SRR13614386_485083_M1,Cytoplasm|Extracellular,Nuclear localization signal,Soluble,0.6262999773025513,0.42489999532699585,0.7465000152587891,0.24279999732971191,0.067900002,0.036800001,0.2987000048160553,0.4025000035762787,0.24500000476837158,0.0024,0.36410000920295715,0.057799999,0.23070000112056732,0.8181999921798706
SRR13969208_105_M1,Cytoplasm|Extracellular,,Soluble,0.510699987,0.2515000104904175,0.6236000061035156,0.23759999871253967,0.072400004,0.010499999858438969,0.22419999539852142,0.446399987,0.18700000643730164,0.0042,0.37869998812675476,0.0592,0.242699996,0.791100025
SRR13979328_189838_M1,Cytoplasm,Nuclear localization signal,Soluble,0.4864000082015991,0.3716999888420105,0.5544000267982483,0.19429999589920044,0.091600001,0.025699999183416367,0.3181999921798706,0.42590001225471497,0.16500000655651093,0.011800000444054604,0.39100000262260437,0.051199999,0.24490000307559967,0.7860999703407288
SRR13979362_3177_M1,Cytoplasm|Extracellular,,Soluble,0.5411999821662903,0.20559999346733093,0.7983999848365784,0.31349998712539673,0.065300003,0.024299999698996544,0.31220000982284546,0.4580000042915344,0.24799999594688416,0.0073,0.44929999113082886,0.046300001442432404,0.3086000084877014,0.7919999957084656
SRR14039663_324879_M1,Cytoplasm|Extracellular,Nuclear localization signal,Soluble,0.520799994,0.34310001134872437,0.7120000123977661,0.15620000660419464,0.11320000141859055,0.13740000128746033,0.24449999630451202,0.20489999651908875,0.088600002,0.0142,0.45249998569488525,0.072999999,0.23989999294281006,0.7371000051498413
SRR14039970_584981_M1,Extracellular,,Soluble,0.460999995,0.3856000006198883,0.7788000106811523,0.12919999659061432,0.12720000743865967,0.017899999395012856,0.18649999797344208,0.3555000126361847,0.097000003,0.0058,0.36239999532699585,0.0572,0.38589999079704285,0.7886999845504761
SRR14073695_161111_M1,Extracellular,Nuclear localization signal,Soluble,0.43540000915527344,0.299699992,0.678600013,0.1623000055551529,0.11069999635219574,0.016499999910593033,0.095200002,0.21879999339580536,0.095399998,0.0024,0.4494999945163727,0.047200001776218414,0.32350000739097595,0.8108999729156494
SRR14073695_33712_M1,Cytoplasm|Extracellular,,Soluble,0.5199999809265137,0.24240000545978546,0.7674000263214111,0.3000999987125397,0.18150000274181366,0.087300003,0.2655999958515167,0.3393000066280365,0.19920000433921814,0.0136,0.48170000314712524,0.060600001364946365,0.34470000863075256,0.7745000123977661
SRR14099998_4346_M1,Extracellular,,Soluble,0.4528000056743622,0.2451000064611435,0.8921999931335449,0.21639999747276306,0.0625,0.0041,0.19939999282360077,0.4090000092983246,0.13519999384880066,0.0012,0.4172999858856201,0.040800001472234726,0.38760000467300415,0.807200015
ERR2598794_43297,Extracellular,Signal peptide,Soluble,0.17080000042915344,0.15469999611377716,0.8601999878883362,0.0647,0.12759999930858612,0.078699999,0.18250000476837158,0.14720000326633453,0.059799999,0.0014,0.435699999,0.056299999356269836,0.24560000002384186,0.8019999861717224
MGYP000935144178A,Cytoplasm,Nuclear localization signal,Soluble,0.6100999712944031,0.3221000134944916,0.5819000005722046,0.44290000200271606,0.1753000020980835,0.21870000660419464,0.2881999909877777,0.3479999899864197,0.1931000053882599,0.0025,0.3853999972343445,0.17589999735355377,0.31209999322891235,0.744700015
SRR15371989_72478_M1,Extracellular,Signal peptide,Soluble,0.16769999265670776,0.3248000144958496,0.5067999958992004,0.10170000046491623,0.097099997,0.11270000040531158,0.032200001,0.099200003,0.11089999973773956,0.047800001,0.36640000343322754,0.067900002,0.3122999966144562,0.8197000026702881
SRR14117419_527984_M1,Cytoplasm,Nuclear localization signal,Soluble,0.5515999794006348,0.36500000953674316,0.5884000062942505,0.2517000138759613,0.15919999778270721,0.017500000074505806,0.20980000495910645,0.335999995,0.22849999368190765,0.0045,0.42419999837875366,0.0473,0.20389999449253082,0.8277999758720398
SRR14362172_4989_M1,Cytoplasm|Extracellular,,Soluble,0.6017000079154968,0.26080000400543213,0.8352000117301941,0.25440001487731934,0.053399999,0.012400000356137753,0.28040000796318054,0.4138000011444092,0.17090000212192535,0.0033,0.35670000314712524,0.050099999,0.3677999973297119,0.8140000104904175
SRR14527628_79383_M1,Cytoplasm|Extracellular,Signal peptide,Soluble,0.48829999566078186,0.20010000467300415,0.8916000127792358,0.25949999690055847,0.048799999,0.007,0.21220000088214874,0.4323999881744385,0.1624000072479248,0.001,0.42899999022483826,0.038800001,0.3736000061035156,0.8233000040054321
SRR14576916_391095_M1,Cytoplasm|Extracellular,Signal peptide,Soluble,0.5357000231742859,0.29089999198913574,0.8458999991416931,0.34299999475479126,0.10520000010728836,0.0539,0.32190001010894775,0.398499995,0.19349999725818634,0.0044,0.35040000081062317,0.099100001,0.3684000074863434,0.7645000219345093
SRR14695722_75236_M1,Cytoplasm|Extracellular,,Soluble,0.5311999917030334,0.30469998717308044,0.8240000009536743,0.21060000360012054,0.085000001,0.025800000876188278,0.20720000565052032,0.4812999963760376,0.264600009,0.0089,0.452100009,0.063000001,0.2694999873638153,0.7595000267028809
SRR14802574_702608_M1,Extracellular,Signal peptide,Soluble,0.36880001425743103,0.1868000030517578,0.8253999948501587,0.18850000202655792,0.0535,0.046700001,0.055399999022483826,0.035300002,0.12700000405311584,0.0517,0.3456999957561493,0.062399998,0.4309999942779541,0.7770000100135803
SRR14954404_30870_M1,Cytoplasm|Extracellular,,Soluble,0.5175999999046326,0.22360000014305115,0.7203999757766724,0.18330000340938568,0.082000002,0.0063,0.17949999868869781,0.31029999256134033,0.13289999961853027,0.011099999770522118,0.396699995,0.049199998,0.34630000591278076,0.8104000091552734
SRR22234379_583440_M1,Extracellular,Signal peptide,Soluble,0.2013999968767166,0.2948000133037567,0.603600025,0.076099999,0.091899998,0.085699998,0.048900000751018524,0.1103999987244606,0.1598999947309494,0.036699999,0.42329999804496765,0.060899999,0.33000001311302185,0.8179000020027161
SRR1523874_4491_M1,Cytoplasm|Extracellular,,Soluble,0.5113999843597412,0.3465999960899353,0.8263000249862671,0.24729999899864197,0.11509999632835388,0.0054,0.2554999887943268,0.3928999900817871,0.12759999930858612,0.0023,0.40849998593330383,0.0383,0.35040000081062317,0.8108999729156494
SRR15371989_72478_M9,Cytoplasm|Extracellular,Nuclear localization signal,Soluble,0.611299992,0.3790999948978424,0.7960000038146973,0.17810000479221344,0.11720000207424164,0.053100001,0.2962999939918518,0.34470000863075256,0.17080000042915344,0.012600000016391277,0.33239999413490295,0.060400002,0.30140000581741333,0.8133000135421753
SRR15430510_32059_M1,Extracellular,,Soluble,0.42800000309944153,0.2928999960422516,0.8651000261306763,0.24809999763965607,0.14900000393390656,0.0083,0.19789999723434448,0.34119999408721924,0.10050000250339508,0.003,0.3522999882698059,0.033399999141693115,0.3919000029563904,0.833899975
SRR15458308_127373_M1,Extracellular,,Soluble,0.352400005,0.16040000319480896,0.801800013,0.24310000240802765,0.24799999594688416,0.0142,0.089500003,0.33009999990463257,0.2249000072479248,0.0066,0.3833000063896179,0.0634,0.7409999966621399,0.6729999780654907
SRR16759749_268810_M1,Extracellular,,Soluble,0.4629000127315521,0.25450000166893005,0.9053999781608582,0.3474000096321106,0.163100004,0.0056,0.28519999980926514,0.22769999504089355,0.14569999277591705,0.0019,0.3817000091075897,0.029999999329447746,0.37130001187324524,0.8075000047683716
SRR16950703_360364_M1,Cytoplasm|Extracellular,,Soluble,0.5221999883651733,0.25029999017715454,0.826699972,0.17730000615119934,0.10849999636411667,0.045600001,0.13220000267028809,0.30730000138282776,0.19609999656677246,0.011300000362098217,0.3691999912261963,0.090099998,0.20419999957084656,0.7677000164985657
SRR17041388_347861_M1,Cytoplasm|Extracellular,Signal peptide,Lipid anchor,0.5116999745368958,0.3034999966621399,0.6754999756813049,0.2743000090122223,0.075099997,0.037700001150369644,0.18320000171661377,0.048799999,0.19519999623298645,0.0093,0.43959999084472656,0.20960000157356262,0.796999991,0.4327999949455261
SRR17295761_37586_M1,Extracellular,,Soluble,0.4675999879837036,0.32510000467300415,0.8198999762535095,0.2273000031709671,0.1485999971628189,0.019400001,0.3452000021934509,0.27950000762939453,0.13860000669956207,0.0056,0.4124000072479248,0.075099997,0.35989999771118164,0.6725000143051147
SRR18577045_38081_M1,Cytoplasm|Extracellular,Nuclear localization signal,Soluble,0.5917999744415283,0.40459999442100525,0.8083000183105469,0.22519999742507935,0.11469999700784683,0.049300000071525574,0.24089999496936798,0.3580000102519989,0.20069999992847443,0.0186,0.36899998784065247,0.0691,0.3310999870300293,0.784500003
SRR19414414_32612_M2,Cytoplasm,Nuclear localization signal,Soluble,0.44339999556541443,0.3255999982357025,0.5429999828338623,0.2590000033378601,0.13300000131130219,0.023499999195337296,0.20319999754428864,0.25859999656677246,0.17020000517368317,0.0054,0.5070000290870667,0.055199999,0.24390000104904175,0.796999991
SRR19742208_42773_M1,Cytoplasm|Extracellular,,Soluble,0.5716999769210815,0.33709999918937683,0.7781999707221985,0.2329999953508377,0.14300000667572021,0.015799999237060547,0.2727999985218048,0.39259999990463257,0.1378999948501587,0.0043,0.335099995,0.056400001,0.3919000029563904,0.7882000207901001
SRR20309463_795_M9,Cytoplasm|Extracellular,,Soluble,0.5216000080108643,0.3402999937534332,0.7289999723434448,0.20749999582767487,0.15860000252723694,0.0041,0.2736000120639801,0.4618000090122223,0.1581999957561493,0.003,0.42260000109672546,0.030099999,0.37439998984336853,0.8253999948501587
SRR21130500_826597_M1,Cytoplasm|Extracellular,Nuclear localization signal,Soluble,0.5461999773979187,0.35199999809265137,0.789900005,0.3124000132083893,0.10260000079870224,0.0019,0.24619999527931213,0.2183,0.14830000698566437,0.0017,0.47940000891685486,0.027699999511241913,0.3790999948978424,0.8077999949455261
SRR21419831_257710_M2,Extracellular,Nuclear localization signal,Soluble,0.41830000281333923,0.3531000018119812,0.5763999819755554,0.1931000053882599,0.099699996,0.011800000444054604,0.2809000015258789,0.3361000120639801,0.2303999960422516,0.0038,0.4796999990940094,0.051600001752376556,0.2662000060081482,0.8047999739646912
SRR21941336_37408_M1,Extracellular,Nuclear localization signal,Soluble,0.47119998931884766,0.25459998846054077,0.7009999752044678,0.21969999372959137,0.1120000034570694,0.0071,0.2524000108242035,0.31769999861717224,0.2851000130176544,0.0062,0.475600004,0.047200001776218414,0.2782000005245209,0.817799985
SRR22136574_3522411_M1,Cytoplasm|Nucleus|Extracellular,Nuclear localization signal,Soluble,0.5299000144004822,0.5023000240325928,0.6220999956130981,0.25040000677108765,0.072999999,0.038199998,0.3160000145435333,0.34380000829696655,0.14800000190734863,0.0063,0.3774000108242035,0.085699998,0.25200000405311584,0.788100004
SRR22541061_93121_M1,Cytoplasm|Extracellular,Nuclear localization signal,Soluble,0.5353999733924866,0.4065999984741211,0.6796000003814697,0.2727999985218048,0.14589999616146088,0.018100001,0.2937999963760376,0.54339999,0.2386000007390976,0.010499999858438969,0.42260000109672546,0.050000001,0.26420000195503235,0.8025000095367432
SRR23636745_2174529_M1,Cytoplasm|Extracellular,Signal peptide,Soluble,0.5461999773979187,0.25209999084472656,0.8774999976158142,0.1501999944448471,0.1509999930858612,0.090700001,0.10840000212192535,0.18770000338554382,0.16979999840259552,0.049899999,0.430400014,0.10130000114440918,0.31060001254081726,0.713699996
SRR23730084_129305_M1,Extracellular,Nuclear localization signal,Soluble,0.4000999927520752,0.3131999969482422,0.5855000019073486,0.21549999713897705,0.1111999973654747,0.014000000432133675,0.17970000207424164,0.27900001406669617,0.1429000049829483,0.0035,0.477400005,0.051199999,0.2533999979496002,0.8080000281333923
SRR24001352_21752_M1,Cytoplasm|Extracellular,,Soluble,0.5102999806404114,0.30320000648498535,0.8190000057220459,0.15729999542236328,0.10209999978542328,0.018799999728798866,0.25600001215934753,0.37279999256134033,0.14149999618530273,0.014999999664723873,0.35530000925064087,0.045099999755620956,0.3783999979496002,0.8240000009536743
SRR24001352_43921_M1,Cytoplasm|Extracellular,,Soluble,0.5289000272750854,0.28380000591278076,0.6919000148773193,0.1615000069141388,0.099600002,0.014600000344216824,0.25769999623298645,0.4359000027179718,0.21299999952316284,0.0084,0.424699992,0.0568,0.26669999957084656,0.7882999777793884
SRR24863433_5674_M1,Cytoplasm|Extracellular,Nuclear localization signal,Soluble,0.583299994,0.32350000739097595,0.7901999950408936,0.21459999680519104,0.084600002,0.016499999910593033,0.18960000574588776,0.2736000120639801,0.13120000064373016,0.0026,0.314300001,0.0559,0.29179999232292175,0.8134999871253967
SRR24907501_79708_M1,Cytoplasm|Extracellular,,Soluble,0.6055999994277954,0.3188000023365021,0.718500018,0.26339998841285706,0.081500001,0.0081,0.29840001463890076,0.34850001335144043,0.097400002,0.0029,0.37040001153945923,0.0539,0.3935000002384186,0.8061000108718872
SRR12193045_101336,Extracellular,Signal peptide,Soluble,0.14659999310970306,0.082999997,0.907800019,0.068999998,0.12880000472068787,0.040800001472234726,0.21709999442100525,0.3855000138282776,0.19539999961853027,0.0071,0.413100004,0.093099996,0.19130000472068787,0.789900005
SRR25158249_220564_M1,Extracellular,,Soluble,0.2685000002384186,0.29249998927116394,0.6951000094413757,0.1754000037908554,0.12319999933242798,0.023399999365210533,0.046,0.056899998,0.13950000703334808,0.0062,0.5239999890327454,0.11169999837875366,0.6570000052452087,0.5611000061035156
P80146.3,Endoplasmic reticulum,Signal peptide,Soluble,0.296099991,0.1648000031709671,0.5494999885559082,0.031700000166893005,0.3012999892234802,0.0062,0.5687999725341797,0.47839999198913574,0.2443999946117401,0.001,0.5019000172615051,0.050000001,0.13989999890327454,0.8252000212669373
BAC67195.1,Extracellular,Signal peptide,Soluble,0.12790000438690186,0.3098999857902527,0.9050999879837036,0.0348,0.14749999344348907,0.032400001,0.5188000202178955,0.13660000264644623,0.19740000367164612,0.0034,0.5202000141143799,0.1720999926328659,0.076499999,0.6998000144958496
BAF57210.1,Extracellular,Signal peptide,Peripheral|Soluble,0.1509999930858612,0.17900000512599945,0.7261000275611877,0.1273999959230423,0.18000000715255737,0.032600000500679016,0.4462999999523163,0.3165999948978424,0.2143000066280365,0.004,0.6340000033378601,0.19050000607967377,0.12189999967813492,0.6352999806404114
SRR25158324_2535008_M1,Cytoplasm,Nuclear localization signal,Soluble,0.47380000352859497,0.2612000107765198,0.4041999876499176,0.2345999926328659,0.1354999989271164,0.038400002,0.2475000023841858,0.3677000105381012,0.088100001,0.012199999764561653,0.3797000050544739,0.086300001,0.20819999277591705,0.8050000071525574
SRR25547245_993609_M1,Cytoplasm,,Soluble,0.6223000288009644,0.42340001463890076,0.4823000133037567,0.21160000562667847,0.10689999908208847,0.065099999,0.3781000077724457,0.43299999833106995,0.1298000067472458,0.0053,0.38679999113082886,0.099600002,0.22630000114440918,0.8033000230789185
SRR25727107_131495_M1,Cytoplasm|Extracellular,,Soluble,0.48489999771118164,0.32030001282691956,0.7793999910354614,0.17180000245571136,0.095799997,0.019300000742077827,0.25940001010894775,0.42179998755455017,0.1348000019788742,0.0078,0.38839998841285706,0.049899999,0.3091000020503998,0.8075000047683716
SRR25727962_708236_M1,Cytoplasm|Extracellular,,Soluble,0.4830000102519989,0.31610000133514404,0.8913999795913696,0.26840001344680786,0.20990000665187836,0.010599999688565731,0.23469999432563782,0.2630000114440918,0.1088000014424324,0.0053,0.38040000200271606,0.030300000682473183,0.2718999981880188,0.8321999907493591
SRR26046407_1203775_M1,Extracellular,,Lipid anchor|Soluble,0.360399991,0.1543000042438507,0.7608000040054321,0.26809999346733093,0.20270000398159027,0.015900001,0.094599999,0.21619999408721924,0.2386000007390976,0.019600000232458115,0.33469998836517334,0.057599999,0.8622000217437744,0.6279000043869019
SRR26075049_937218_M1,Extracellular,,Soluble,0.3603000044822693,0.26759999990463257,0.6794999837875366,0.18979999423027039,0.1356000006198883,0.027100001,0.064400002,0.1023000031709671,0.16030000150203705,0.020899999886751175,0.34310001134872437,0.15780000388622284,0.7318000197410583,0.5026999711990356
SRR26075051_5618361_M1,Extracellular,,Soluble,0.43709999322891235,0.28060001134872437,0.7139999866485596,0.1712000072002411,0.063500002,0.016499999910593033,0.081299998,0.2612999975681305,0.12200000137090683,0.0052,0.40540000796318054,0.0504,0.31839999556541443,0.814300001
SRR26075152_134008_M1,Extracellular,,Soluble,0.44670000672340393,0.258899987,0.718500018,0.14470000565052032,0.1062999963760376,0.0067,0.16830000281333923,0.44440001249313354,0.20960000157356262,0.0189,0.4675999879837036,0.046500001,0.35580000281333923,0.8065999746322632
SRR26290402_3525830_M1,Extracellular,Nuclear localization signal,Soluble,0.41130000352859497,0.20970000326633453,0.7056999802589417,0.19939999282360077,0.081500001,0.0042,0.092299998,0.15809999406337738,0.14090000092983246,0.0043,0.3977000117301941,0.042899999767541885,0.29100000858306885,0.8421000242233276
SRR26290450_3599995_M1,Cytoplasm|Extracellular,Nuclear localization signal,Soluble,0.5049999952316284,0.3303999900817871,0.7705000042915344,0.27219998836517334,0.0572,0.023800000548362732,0.19509999454021454,0.2401999980211258,0.13930000364780426,0.0026,0.36570000648498535,0.051899999380111694,0.27390000224113464,0.8177000284194946
SRR26290483_118036_M1,Cytoplasm|Extracellular,,Soluble,0.6086999773979187,0.4377000033855438,0.7260000109672546,0.1860000044107437,0.064800002,0.025499999523162842,0.2565000057220459,0.4097000062465668,0.24449999630451202,0.0059,0.34290000796318054,0.051899999380111694,0.22830000519752502,0.8334000110626221
SRR26313965_71362_M1,Cytoplasm|Extracellular,Nuclear localization signal,Soluble,0.5077000260353088,0.28349998593330383,0.8341000080108643,0.22130000591278076,0.19220000505447388,0.015399999916553497,0.2054000049829483,0.3228999972343445,0.11940000206232071,0.0024,0.3237000107765198,0.035399999,0.2994999885559082,0.8327000141143799
SRR26319883_566195_M1,Cytoplasm|Extracellular,Nuclear localization signal,Soluble,0.6190999746322632,0.460999995,0.6643000245094299,0.1949000060558319,0.078000002,0.026599999517202377,0.3066999912261963,0.32899999618530273,0.21080000698566437,0.0025,0.3610999882221222,0.048,0.23690000176429749,0.8216999769210815
SRR26324216_19427_M1,Extracellular,,Soluble,0.3912999927997589,0.3578999936580658,0.6628999710083008,0.2079000025987625,0.11230000108480453,0.017100000753998756,0.20010000467300415,0.28200000524520874,0.19089999794960022,0.0055,0.4805999994277954,0.048500001430511475,0.26910001039505005,0.8125
SRR26541423_84165_M1,Cytoplasm|Extracellular,Nuclear localization signal,Soluble,0.5157999992370605,0.29600000381469727,0.7888000011444092,0.264600009,0.15330000221729279,0.0021,0.1826000064611435,0.23330000042915344,0.1378999948501587,0.0021,0.4223000109195709,0.026900000870227814,0.41110000014305115,0.8112999796867371
SRR26541433_19998_M1,Cytoplasm|Extracellular|Cell membrane,,Soluble,0.4999000132083893,0.3564000129699707,0.7595000267028809,0.6110000014305115,0.089500003,0.012500000186264515,0.39719998836517334,0.43939998745918274,0.16449999809265137,0.0033,0.45669999718666077,0.057700001,0.3944999873638153,0.761900008
SRR26587149_857731_M1,Cytoplasm|Extracellular,,Soluble,0.4763999879360199,0.2838999927043915,0.7556999921798706,0.2425999939441681,0.11620000004768372,0.052200001,0.40709999203681946,0.435699999,0.19249999523162842,0.029300001,0.4415999948978424,0.062399998,0.3310999870300293,0.7396000027656555
SRR4128967_345579_M1,Cytoplasm|Extracellular,Nuclear localization signal,Soluble,0.5378999710083008,0.3181000053882599,0.8069000244140625,0.2540999948978424,0.088100001,0.027699999511241913,0.22930000722408295,0.5004000067710876,0.2705000042915344,0.0078,0.4456999897956848,0.059700001031160355,0.2759000062942505,0.7555999755859375
SRR5469033_60193_M1,Extracellular,,Soluble,0.4481000006198883,0.34769999980926514,0.8382999897003174,0.15790000557899475,0.11219999939203262,0.0034,0.1688999980688095,0.382999986,0.12330000102519989,0.0024,0.4629000127315521,0.0363,0.34299999475479126,0.8093000054359436
SRR5582322_91355_M1,Cytoplasm|Extracellular,,Soluble,0.5559999942779541,0.25380000472068787,0.8313000202178955,0.23350000381469727,0.075400002,0.0232,0.22020000219345093,0.5040000081062317,0.24889999628067017,0.0112,0.43779999017715454,0.065099999,0.26190000772476196,0.7681000232696533
SRR5583254_6888706_M1,Extracellular,,Soluble,0.3765999972820282,0.22869999706745148,0.6723999977111816,0.27639999985694885,0.074000001,0.039999999,0.23600000143051147,0.39910000562667847,0.038100000470876694,0.013700000010430813,0.40860000252723694,0.096799999,0.22660000622272491,0.7993000149726868
SRR5679025_626712_M1,Cytoplasm|Extracellular,Nuclear localization signal,Soluble,0.4986000061035156,0.3919000029563904,0.7113000154495239,0.17649999260902405,0.14010000228881836,0.019200000911951065,0.21879999339580536,0.4325999915599823,0.12070000171661377,0.0042,0.3522999882698059,0.051899999380111694,0.2924000024795532,0.8029999732971191
SRR5855429_11905_M1,Cytoplasm|Extracellular,,Soluble,0.47870001196861267,0.3759,0.8104000091552734,0.25040000677108765,0.11699999868869781,0.036699999,0.30660000443458557,0.5235000252723694,0.24400000274181366,0.014000000432133675,0.4327999949455261,0.058699999,0.24240000545978546,0.7833999991416931
SRR7548956_74754_M1,Cytoplasm|Extracellular,,Soluble,0.5187000036239624,0.3366999924182892,0.8312000036239624,0.24740000069141388,0.0889,0.018999999,0.2766999900341034,0.4250999987125397,0.2720000147819519,0.0093,0.4207000136375427,0.059,0.25780001282691956,0.7748000025749207
SRR7595024_846748_M1,Extracellular,,Soluble,0.38260000944137573,0.22120000422000885,0.8978999853134155,0.3037000000476837,0.16439999639987946,0.025200000032782555,0.22669999301433563,0.3952000141143799,0.1598999947309494,0.011300000362098217,0.33559998869895935,0.027499999850988388,0.5343000292778015,0.8097000122070312
SRR7967696_318013_M1,Cytoplasm|Extracellular,,Soluble,0.4993000030517578,0.2721000015735626,0.7681999802589417,0.2540000081062317,0.079899997,0.022299999371170998,0.314300001,0.5633999705314636,0.33649998903274536,0.0067,0.48069998621940613,0.0572,0.30309998989105225,0.7560999989509583
ERR10087380_58920,Extracellular,Signal peptide,Soluble,0.20000000298023224,0.097599998,0.9021999835968018,0.14669999480247498,0.15760000050067902,0.0173,0.13330000638961792,0.335099995,0.14880000054836273,0.0009,0.33009999990463257,0.076099999,0.33250001072883606,0.7886000275611877
ERR10482440_903875,Extracellular,Signal peptide,Soluble,0.13529999554157257,0.082800001,0.8090999722480774,0.0546,0.25270000100135803,0.049300000071525574,0.067900002,0.11050000041723251,0.080899999,0.0048,0.3691999912261963,0.070500001,0.26190000772476196,0.765999973
SRR8240096_94099_M1,Cytoplasm|Extracellular,,Soluble,0.5364999771118164,0.30300000309944153,0.7968999743461609,0.24469999969005585,0.084299996,0.0581,0.20649999380111694,0.1662999987602234,0.10790000110864639,0.012799999676644802,0.4778999984264374,0.053800002,0.4587000012397766,0.7335000038146973
SRR8862675_1241843_M1,Cytoplasm|Extracellular,Nuclear localization signal,Soluble,0.5297999978065491,0.4194999933242798,0.7962999939918518,0.28929999470710754,0.17599999904632568,0.0108,0.24230000376701355,0.21649999916553497,0.10360000282526016,0.008,0.41350001096725464,0.0337,0.23070000112056732,0.7989000082015991
SRR9045818_458708_M1,Extracellular,,Soluble,0.38040000200271606,0.3240000009536743,0.8873999714851379,0.3215999901294708,0.14790000021457672,0.0185,0.088799998,0.068599999,0.074000001,0.0095,0.3668000102043152,0.0254,0.45809999108314514,0.8184999823570251
SRR9643230_217764_M1,Extracellular,,Soluble,0.3711000084877014,0.20250000059604645,0.9041000008583069,0.21250000596046448,0.068899997,0.0075,0.16179999709129333,0.334199995,0.10440000146627426,0.0047,0.41909998655319214,0.052499998,0.32109999656677246,0.7978000044822693
UUT36763.1_M1,Extracellular,,Soluble,0.3598000109195709,0.296999991,0.8820000290870667,0.3319999873638153,0.15189999341964722,0.011099999770522118,0.15639999508857727,0.18299999833106995,0.080799997,0.0084,0.3400000035762787,0.039900001138448715,0.44909998774528503,0.7854999899864197
WP_054022242.1_M20,Cytoplasm,Nuclear localization signal,Soluble,0.45080000162124634,0.3116999864578247,0.5318999886512756,0.21930000185966492,0.13519999384880066,0.0089,0.20999999344348907,0.2590000033378601,0.19949999451637268,0.0047,0.4401000142097473,0.046,0.2924000024795532,0.8131999969482422
WP_058088494.1_M1,Cytoplasm|Extracellular,Nuclear localization signal,Soluble,0.531499982,0.37700000405311584,0.7914999723434448,0.23309999704360962,0.099100001,0.023700001,0.20509999990463257,0.42969998717308044,0.251800001,0.0074,0.47049999237060547,0.059999999,0.30709999799728394,0.7573999762535095
WP_090538641.1_M1,Cytoplasm|Extracellular,Nuclear localization signal,Soluble,0.5619999766349792,0.3499999940395355,0.7932999730110168,0.20980000495910645,0.10920000076293945,0.010099999606609344,0.25029999017715454,0.4268999993801117,0.13920000195503235,0.0028,0.36489999294281006,0.048999999,0.3393000066280365,0.8116999864578247
AR241010_100_M1,Cytoplasm|Extracellular,,Soluble,0.5565999746322632,0.3019999861717224,0.7174999713897705,0.20970000326633453,0.094400004,0.026599999517202377,0.3337000012397766,0.5246999859809875,0.27869999408721924,0.0086,0.504800022,0.0447,0.3409999907016754,0.7515000104904175
AR241010_106_M1,Cytoplasm|Extracellular,,Soluble,0.5228999853134155,0.2824999988079071,0.7502999901771545,0.2353000044822693,0.081,0.0284,0.3093000054359436,0.546500027,0.3043000102043152,0.009,0.46970000863075256,0.0504,0.3188000023365021,0.7551000118255615
AR241010_11_M1,Cytoplasm|Extracellular,,Soluble,0.5877000093460083,0.2840999960899353,0.7404999732971191,0.13429999351501465,0.084700003,0.014800000004470348,0.2797999978065491,0.39899998903274536,0.13030000030994415,0.019700000062584877,0.4341000020503998,0.040300000458955765,0.3393000066280365,0.8012999892234802
AR241010_12_M1,Cytoplasm|Extracellular,,Soluble,0.5934000015258789,0.3125,0.6949999928474426,0.1404000073671341,0.083899997,0.012900000438094139,0.26829999685287476,0.3840000033378601,0.11420000344514847,0.015799999237060547,0.43070000410079956,0.0385,0.35249999165534973,0.8001999855041504
ERR10640994_379232,Extracellular,Signal peptide,Soluble,0.11900000274181366,0.066100001,0.7728999853134155,0.052499998,0.12049999833106995,0.059999999,0.083800003,0.1665000021457672,0.086499996,0.0027,0.4074000120162964,0.051899999380111694,0.3650999963283539,0.794700027
ERR10641118_142160,Extracellular,Signal peptide,Soluble,0.11919999867677689,0.10909999907016754,0.8273000121116638,0.0625,0.2800000011920929,0.031800002,0.14800000190734863,0.1062999963760376,0.074500002,0.003,0.5062000155448914,0.048300002,0.2856999933719635,0.7767999768257141
ERR10641118_502282,Extracellular,Signal peptide,Soluble,0.12250000238418579,0.082199998,0.8801000118255615,0.068800002,0.2574999928474426,0.030099999,0.052299998700618744,0.14949999749660492,0.0482,0.0031,0.39590001106262207,0.057999998331069946,0.2847999930381775,0.8086000084877014
AR241010_134_M1,Cytoplasm|Extracellular,,Soluble,0.625,0.2980000078678131,0.6967999935150146,0.16519999504089355,0.080700003,0.013700000010430813,0.32659998536109924,0.5217000246047974,0.23549999296665192,0.013100000098347664,0.4490000009536743,0.0414,0.3140000104904175,0.7919999957084656
AR241010_13_M1,Cytoplasm|Extracellular,,Soluble,0.6104999780654907,0.3424000144004822,0.832099974,0.19740000367164612,0.1274999976158142,0.0051,0.15929999947547913,0.2485000044107437,0.075800002,0.0032,0.40070000290870667,0.0352,0.5461999773979187,0.8136000037193298
AR241010_142_M1,Cytoplasm|Extracellular,,Soluble,0.5888000130653381,0.3612000048160553,0.7063999772071838,0.1509999930858612,0.099200003,0.011699999682605267,0.2824999988079071,0.46810001134872437,0.1873999983072281,0.0151,0.41370001435279846,0.0469,0.3116999864578247,0.7971000075340271
AR241010_14_M1,Cytoplasm|Extracellular,,Soluble,0.5281000137329102,0.34860000014305115,0.8253999948501587,0.2542000114917755,0.091899998,0.003,0.2653999924659729,0.4982999861240387,0.14219999313354492,0.0019,0.4666999876499176,0.031500001,0.43470001220703125,0.8054999709129333
AR241010_152_M9,Cytoplasm|Extracellular,,Soluble,0.5425000190734863,0.28369998931884766,0.718500018,0.18289999663829803,0.10849999636411667,0.0151,0.36579999327659607,0.4925000071525574,0.19619999825954437,0.014499999582767487,0.4016000032424927,0.0449,0.3043999969959259,0.8126000165939331
AR241010_152_M5,Extracellular,Nuclear localization signal,Soluble,0.4507000148296356,0.32170000672340393,0.6503000259399414,0.23430000245571136,0.10949999839067459,0.016200000420212746,0.21770000457763672,0.3492000102996826,0.21789999306201935,0.0054,0.47279998660087585,0.051100000739097595,0.2831999957561493,0.8047999739646912
ERR10789850_92482,Extracellular,Signal peptide,Soluble,0.11420000344514847,0.07,0.8812000155448914,0.045499999076128006,0.17110000550746918,0.063600004,0.045000002,0.072099999,0.061700001,0.0018,0.5048999786376953,0.057100001722574234,0.3003999888896942,0.7720999717712402
W3VKA4,Extracellular,Signal peptide,Soluble,0.13269999623298645,0.049199998,0.9484999775886536,0.063600004,0.067100003,0.030400000512599945,0.074500002,0.11050000041723251,0.050200000405311584,0.0044,0.2563000023365021,0.094599999,0.22669999301433563,0.7940000295639038
ERR3588746_23368,Extracellular,Signal peptide,Soluble,0.17100000381469727,0.1559000015258789,0.8956000208854675,0.064000003,0.23180000483989716,0.041200000792741776,0.22040000557899475,0.2700999975204468,0.22200000286102295,0.0024,0.4147999882698059,0.044599998742341995,0.46219998598098755,0.8094000220298767
AAI49639.1,Lysosome/Vacuole,Signal peptide,Soluble,0.23330000042915344,0.0581,0.5848000049591064,0.501800001,0.054299999,0.0058,0.30550000071525574,0.6481000185012817,0.22130000591278076,0.0066,0.3792000114917755,0.26730001,0.6150000095367432,0.6347000002861023
AR241010_152_M6,Cytoplasm,Nuclear localization signal,Soluble,0.5013999938964844,0.31630000472068787,0.6057000160217285,0.2199999988079071,0.12600000202655792,0.0071,0.23489999771118164,0.2962999939918518,0.2198999971151352,0.0056,0.4643000066280365,0.042300001,0.3179999887943268,0.8176000118255615
WP_054022242.1_M10,Extracellular,Signal peptide,Soluble,0.12870000302791595,0.2809000015258789,0.5759999752044678,0.094099998,0.0713,0.11810000240802765,0.0647,0.19519999623298645,0.19990000128746033,0.074600004,0.4138000011444092,0.071400002,0.30809998512268066,0.7943999767303467
ERR10822306_273555,Extracellular,Signal peptide,Soluble,0.10429999977350235,0.095399998,0.8343999981880188,0.099100001,0.1265999972820282,0.051399998,0.064800002,0.15569999814033508,0.081299998,0.015200000256299973,0.42989999055862427,0.0462,0.29750001430511475,0.8145999908447266
SRR5679025_626712,Extracellular,Signal peptide,Soluble,0.1793999969959259,0.12720000743865967,0.7282999753952026,0.0669,0.34310001134872437,0.076700002,0.095299996,0.16300000250339508,0.12080000340938568,0.0032,0.35910001397132874,0.053800002,0.3043000102043152,0.814300001
SRR5855429_11905,Extracellular,Signal peptide,Soluble,0.11860000342130661,0.1387999951839447,0.7376000285148621,0.096600004,0.11309999972581863,0.050700001418590546,0.034899998,0.092299998,0.068700001,0.011800000444054604,0.41100001335144043,0.055500001,0.257999986,0.8191999793052673
AR241010_152_M7,Cytoplasm,Nuclear localization signal,Soluble,0.4593000113964081,0.36899998784065247,0.5586000084877014,0.193900004,0.10779999941587448,0.010200000368058681,0.24160000681877136,0.3425000011920929,0.211899996,0.0049,0.46720001101493835,0.049400001764297485,0.296999991,0.804099977
SRR6129205_10729,Extracellular,Signal peptide,Soluble,0.17679999768733978,0.17159999907016754,0.8855000138282776,0.086599998,0.17399999499320984,0.070900001,0.2313999980688095,0.17550000548362732,0.28439998626708984,0.0034,0.2808000147342682,0.045899998396635056,0.3531000018119812,0.8515999913215637
SRR7548956_74754,Extracellular,Signal peptide,Soluble,0.0744,0.097099997,0.8325999975204468,0.086499996,0.1348000019788742,0.0535,0.15459999442100525,0.14100000262260437,0.13379999995231628,0.0039,0.4106999933719635,0.088799998,0.3522999882698059,0.7609000205993652
AR241010_152_M8,Extracellular,Nuclear localization signal,Soluble,0.45159998536109924,0.2971000075340271,0.5931000113487244,0.24379999935626984,0.1168999969959259,0.018100001,0.18279999494552612,0.24940000474452972,0.1598999947309494,0.0065,0.47929999232292175,0.046999998,0.2752000093460083,0.8054999709129333
AR241010_154_M1,Cytoplasm,Nuclear localization signal,Soluble,0.4893999993801117,0.3134,0.6122000217437744,0.19499999284744263,0.10289999842643738,0.032099999487400055,0.3163999915122986,0.44859999418258667,0.19249999523162842,0.0091,0.3871000111103058,0.047499999,0.2662999927997589,0.8015999794006348
AR241010_169_M2,Cytoplasm,Nuclear localization signal,Soluble,0.5206999778747559,0.3391999900341034,0.5888000130653381,0.2401999980211258,0.10010000318288803,0.015200000256299973,0.23260000348091125,0.37220001220703125,0.2199999988079071,0.0049,0.4975000023841858,0.049800001084804535,0.289900005,0.8062000274658203
AR241010_173_M1,Cytoplasm|Extracellular,Nuclear localization signal,Soluble,0.4767000079154968,0.3149999976158142,0.6226999759674072,0.22910000383853912,0.10809999704360962,0.018200000748038292,0.18960000574588776,0.3325999975204468,0.21879999339580536,0.0036,0.45159998536109924,0.0495,0.2818000018596649,0.819100022
SRR7595024_846748,Extracellular,Signal peptide,Soluble,0.1347000002861023,0.1573999971151352,0.8889999985694885,0.098700002,0.22040000557899475,0.0263,0.10809999704360962,0.164000005,0.13130000233650208,0.0015,0.23430000245571136,0.050099999,0.5950000286102295,0.7160000205039978
AR241010_17_M1,Extracellular,,Soluble,0.46889999508857727,0.3398999869823456,0.8410000205039978,0.19050000607967377,0.084100001,0.0064,0.20469999313354492,0.5134999752044678,0.13379999995231628,0.0019,0.44130000472068787,0.033199999,0.38269999623298645,0.8051999807357788
AR241010_33_M1,Extracellular,,Soluble,0.3790999948978424,0.30239999294281006,0.8820000290870667,0.38179999589920044,0.1412999927997589,0.0076,0.17409999668598175,0.2639000117778778,0.12970000505447388,0.0055,0.39910000562667847,0.022500001,0.492000014,0.8015000224113464
AR241010_43_M1,Cytoplasm|Extracellular,Nuclear localization signal,Soluble,0.5394999980926514,0.3686999976634979,0.7598999738693237,0.22679999470710754,0.11739999800920486,0.0047,0.25440001487731934,0.4921000003814697,0.1639000028371811,0.0024,0.4187999963760376,0.035399999,0.36309999227523804,0.8147000074386597
AR241010_56_M1,Cytoplasm|Extracellular,,Soluble,0.5733000040054321,0.3720000088214874,0.7591000199317932,0.2345999926328659,0.088,0.0019,0.2386000007390976,0.4749999940395355,0.19349999725818634,0.0026,0.43230000138282776,0.033500001,0.42100000381469727,0.8104000091552734
AR241010_73_M1,Cytoplasm|Extracellular,,Soluble,0.5777999758720398,0.3330000042915344,0.8481000065803528,0.1932000070810318,0.10740000009536743,0.0063,0.15690000355243683,0.2538999915122986,0.081500001,0.0031,0.38260000944137573,0.041900001,0.49459999799728394,0.8093000054359436
SRR7783776_670,Extracellular,Signal peptide,Soluble,0.19900000095367432,0.071400002,0.8906000256538391,0.050900001,0.2126999944448471,0.13289999961853027,0.24650000035762787,0.11999999731779099,0.23639999330043793,0.0025,0.2750000059604645,0.19030000269412994,0.15150000154972076,0.7034000158309937
AR241010_74_M1,Cytoplasm|Extracellular,,Soluble,0.5715000033378601,0.33559998869895935,0.8482999801635742,0.1979999989271164,0.10819999873638153,0.007,0.1728000044822693,0.27559998631477356,0.079400003,0.0035,0.373199999,0.041900001,0.5002999901771545,0.8069999814033508
SRR7967696_318013,Extracellular,Signal peptide,Soluble,0.1143999993801117,0.081600003,0.8677999973297119,0.071400002,0.088500001,0.027400000020861626,0.14329999685287476,0.28459998965263367,0.14399999380111694,0.0075,0.4771000146865845,0.0559,0.2833000123500824,0.7842000126838684
SRR8240096_94099,Extracellular,Signal peptide,Soluble,0.2084999978542328,0.094099998,0.8988999724388123,0.046500001,0.1607999950647354,0.077500001,0.040600002,0.12479999661445618,0.097599998,0.034000002,0.47510001063346863,0.0535,0.45649999380111694,0.761900008
SRR8569139_9422,Extracellular,Signal peptide,Soluble,0.12039999663829803,0.0713,0.8877999782562256,0.066299997,0.10989999771118164,0.092600003,0.16740000247955322,0.20600000023841858,0.19249999523162842,0.0211,0.4366999864578247,0.054699998,0.3190999925136566,0.786300004
SRR8862675_1241843,Extracellular,Signal peptide,Soluble,0.13339999318122864,0.1386999934911728,0.8780999779701233,0.077600002,0.2257000058889389,0.038699999,0.12549999356269836,0.19589999318122864,0.14399999380111694,0.0019,0.27129998803138733,0.0359,0.2329999953508377,0.8482000231742859
SRR9045818_458708,Extracellular,Signal peptide,Soluble,0.15950000286102295,0.13590000569820404,0.7833999991416931,0.093999997,0.20180000364780426,0.024499999,0.10279999673366547,0.15389999747276306,0.1762000024318695,0.002,0.2425999939441681,0.039799999445676804,0.5267000198364258,0.7717999815940857
SRR908275_10703,Cytoplasm|Extracellular,Nuclear localization signal,Soluble,0.6467000246047974,0.3675999939441681,0.7089999914169312,0.2849999964237213,0.17880000174045563,0.039400000125169754,0.18240000307559967,0.39160001277923584,0.303600013,0.0176,0.2964000105857849,0.060100000351667404,0.28349998593330383,0.8141000270843506
SRR9643230_217764,Extracellular,Signal peptide,Soluble,0.17839999496936798,0.15240000188350677,0.8130000233650208,0.051899999380111694,0.2635999917984009,0.022500001,0.15850000083446503,0.16869999468326569,0.18279999494552612,0.0008,0.41929998993873596,0.054900002,0.27649998664855957,0.8095999956130981
SRR15371989_72478_M2,Extracellular,Signal peptide,Soluble,0.1525000035762787,0.1597999930381775,0.6543999910354614,0.062199998646974564,0.079400003,0.067599997,0.046100002,0.14869999885559082,0.1234000027179718,0.010499999858438969,0.40149998664855957,0.053599998354911804,0.3138999938964844,0.8206999897956848
AR241010_77_M1,Cytoplasm|Extracellular,,Soluble,0.5710999965667725,0.4505999982357025,0.7462000250816345,0.15800000727176666,0.0801,0.029600000008940697,0.32260000705718994,0.4081999957561493,0.19470000267028809,0.0061,0.3937999904155731,0.045099999755620956,0.25690001249313354,0.8240000009536743
AR241010_86_M1,Cytoplasm|Extracellular,,Soluble,0.6004999876022339,0.3736000061035156,0.7226999998092651,0.14090000092983246,0.11219999939203262,0.066699997,0.22939999401569366,0.23810000717639923,0.13819999992847443,0.013000000268220901,0.3853999972343445,0.045299999,0.2662999927997589,0.8169000148773193
AR241010_8_M1,Cytoplasm|Extracellular,Nuclear localization signal,Soluble,0.5311999917030334,0.36320000886917114,0.6256999969482422,0.21660000085830688,0.11800000071525574,0.0176,0.23229999840259552,0.34700000286102295,0.23280000686645508,0.0051,0.492900014,0.045699999,0.3337000012397766,0.8097000122070312
WP_054022242.1_M13,Cytoplasm,Nuclear localization signal,Soluble,0.40709999203681946,0.3650999963283539,0.47290000319480896,0.1931000053882599,0.11320000141859055,0.011900000274181366,0.21140000224113464,0.2906000018119812,0.18209999799728394,0.0037,0.43309998512268066,0.052099999,0.2709999978542328,0.8029999732971191
WP_054022242.1_M14,Cytoplasm,Nuclear localization signal,Soluble,0.4187999963760376,0.3021000027656555,0.51730001,0.23019999265670776,0.1290999948978424,0.020899999886751175,0.16459999978542328,0.2190999984741211,0.14239999651908875,0.005,0.453900009,0.050900001,0.2425999939441681,0.8022000193595886
WP_054022242.1_M12,Cytoplasm|Extracellular,Nuclear localization signal,Soluble,0.49070000648498535,0.34220001101493835,0.6299999952316284,0.17790000140666962,0.091499999,0.023000000044703484,0.29030001163482666,0.3718999922275543,0.14229999482631683,0.0071,0.3483999967575073,0.049899999,0.28850001096725464,0.8029999732971191
WP_054022242.1_M15,Extracellular,Nuclear localization signal,Soluble,0.41190001368522644,0.3319000005722046,0.5728999972343445,0.23399999737739563,0.10740000009536743,0.021400000900030136,0.2011999934911728,0.3075000047683716,0.19619999825954437,0.0037,0.4426000118255615,0.055599999,0.25200000405311584,0.8011000156402588
WP_054022242.1_M16,Cytoplasm,Nuclear localization signal,Soluble,0.4528000056743622,0.3237999975681305,0.5163999795913696,0.2198999971151352,0.1282999962568283,0.010200000368058681,0.2126999944448471,0.2565000057220459,0.20100000500679016,0.0044,0.43950000405311584,0.046300001442432404,0.28600001335144043,0.8116999864578247
WP_054022242.1_M17,Cytoplasm,Nuclear localization signal,Soluble,0.4120999872684479,0.3774000108242035,0.4546999931335449,0.19740000367164612,0.10849999636411667,0.013799999840557575,0.2160000056028366,0.2872999906539917,0.18330000340938568,0.0034,0.4343000054359436,0.052200001,0.26489999890327454,0.8015000224113464
WP_054022242.1_M18,Cytoplasm,Nuclear localization signal,Soluble,0.421999991,0.31279999017715454,0.5067999958992004,0.2345999926328659,0.1225999966263771,0.0232,0.16910000145435333,0.21389999985694885,0.14319999516010284,0.0044,0.45410001277923584,0.051199999,0.2378000020980835,0.800599992
SRR15371989_72478_M3,Extracellular,Signal peptide,Soluble,0.1444000005722046,0.29260000586509705,0.5867999792098999,0.092699997,0.064099997,0.1242000013589859,0.055300001,0.1746000051498413,0.1843000054359436,0.079099998,0.4016000032424927,0.0801,0.32420000433921814,0.7932000160217285
WP_054022242.1_M19,Extracellular,Nuclear localization signal,Soluble,0.4092000126838684,0.32100000977516174,0.5874999761581421,0.23119999468326569,0.1136000007390976,0.019500000402331352,0.20010000467300415,0.31060001254081726,0.1972000002861023,0.0041,0.44290000200271606,0.055399999022483826,0.2563000023365021,0.8033000230789185
G9BY57.1_M2,Cytoplasm,Nuclear localization signal,Soluble,0.5228000283241272,0.29829999804496765,0.580299973,0.15440000593662262,0.075999998,0.049800001084804535,0.2410999983549118,0.4212999939918518,0.16529999673366547,0.017100000753998756,0.4115999937057495,0.057,0.22390000522136688,0.7883999943733215
SRR15371989_72478_M5,Extracellular,Nuclear localization signal,Soluble,0.44609999656677246,0.32120001316070557,0.6919000148773193,0.2646999955177307,0.11490000039339066,0.029500000178813934,0.18150000274181366,0.2818000018596649,0.1898999959230423,0.0051,0.42489999532699585,0.059999999,0.2799000144004822,0.8026000261306763
SRR15371989_72478_M6,Cytoplasm|Extracellular,Nuclear localization signal,Soluble,0.5110999941825867,0.3212999999523163,0.6467000246047974,0.22709999978542328,0.13570000231266022,0.014600000344216824,0.18479999899864197,0.23569999635219574,0.20960000157356262,0.0049,0.4172999858856201,0.0482,0.3131999969482422,0.8183000087738037
SRR15371989_72478_M7,Extracellular,Nuclear localization signal,Soluble,0.45989999175071716,0.36800000071525574,0.6039000153541565,0.21889999508857727,0.11540000140666962,0.020300001,0.20399999618530273,0.2721000015735626,0.19009999930858612,0.0047,0.4180999994277954,0.058499999,0.28139999508857727,0.8033999800682068
SRR15371989_72478_M8,Extracellular,Nuclear localization signal,Soluble,0.44449999928474426,0.302700013,0.6226999759674072,0.25760000944137573,0.12430000305175781,0.028699999675154686,0.14920000731945038,0.19609999656677246,0.1396999955177307,0.0061,0.439300001,0.054299999,0.27889999747276306,0.804099977
SRR20309463_795_M5,Cytoplasm,Nuclear localization signal,Soluble,0.45680001378059387,0.3179999887943268,0.5564000010490417,0.2596000134944916,0.11800000071525574,0.012600000016391277,0.2531000077724457,0.33709999918937683,0.22869999706745148,0.0035,0.4887999892234802,0.049300000071525574,0.2694999873638153,0.8011999726295471
SRR20309463_795_M6,Cytoplasm,Nuclear localization signal,Soluble,0.5063999891281128,0.3239000141620636,0.5098000168800354,0.2635999917984009,0.125,0.0072,0.2621000111103058,0.2964000105857849,0.22509999573230743,0.0041,0.47369998693466187,0.0414,0.3050000071525574,0.8141999840736389
SRR15371989_72478_M4,Extracellular,Signal peptide,Soluble,0.18209999799728394,0.14219999313354492,0.8424000144004822,0.10400000214576721,0.11640000343322754,0.058400001376867294,0.0526,0.13420000672340393,0.087800004,0.005,0.4348999857902527,0.054699998,0.2720000147819519,0.8165000081062317
SRR20309463_795_M1,Extracellular,Signal peptide,Soluble,0.17139999568462372,0.2773999869823456,0.5536999702453613,0.091499999,0.090899996,0.079999998,0.0484,0.1111999973654747,0.14259999990463257,0.037599999,0.4075999855995178,0.0557,0.30809998512268066,0.8179000020027161
AHZ17135.1,Cytoplasm,Nuclear export signal,Peripheral|Soluble,0.6014999747276306,0.46050000190734863,0.0854,0.14270000159740448,0.18549999594688416,0.26730001,0.2037000060081482,0.3384999930858612,0.37610000371932983,0.027899999171495438,0.7170000076293945,0.19050000607967377,0.1565999984741211,0.6208000183105469
KIW86608.1,Cytoplasm,Nuclear localization signal,Soluble,0.7343999743461609,0.396699995,0.132300004,0.10819999873638153,0.068700001,0.039700001,0.030799999833106995,0.20810000598430634,0.081,0.0086,0.3224000036716461,0.11069999635219574,0.055100001,0.8539000153541565
SRR20309463_795_M7,Cytoplasm,Nuclear localization signal,Soluble,0.45969998836517334,0.3695000112056732,0.4675999879837036,0.22370000183582306,0.10819999873638153,0.0088,0.2623000144958496,0.3400999903678894,0.22360000014305115,0.0033,0.4772000014781952,0.048,0.2906000018119812,0.7982000112533569
EHN79176.1,Cytoplasm,Nuclear localization signal,Soluble,0.7630000114440918,0.2565999925136566,0.3612000048160553,0.13439999520778656,0.12300000339746475,0.14810000360012054,0.10980000346899033,0.35519999265670776,0.25589999556541443,0.0114,0.35679998993873596,0.11680000275373459,0.164900005,0.8098999857902527
SRR20309463_795_M8,Cytoplasm,Nuclear localization signal,Soluble,0.4447000026702881,0.29249998927116394,0.5206000208854675,0.25870001316070557,0.11590000241994858,0.014800000004470348,0.20800000429153442,0.2590000033378601,0.17170000076293945,0.0039,0.48399999737739563,0.046799998730421066,0.258899987,0.8001999855041504
SRR22234379_583440_M5,Extracellular,Nuclear localization signal,Soluble,0.4318999946117401,0.3043999969959259,0.614799976,0.22010000050067902,0.10580000281333923,0.019400001,0.24160000681877136,0.29330000281333923,0.24459999799728394,0.0053,0.48890000581741333,0.054900002,0.2766000032424927,0.8044999837875366
ARE38241.1,Cytoplasm,,Soluble,0.7748000025749207,0.2680000066757202,0.3122999966144562,0.14339999854564667,0.121799998,0.053300000727176666,0.16699999570846558,0.5026000142097473,0.2786000072956085,0.066100001,0.44269999861717224,0.10599999874830246,0.13220000267028809,0.7893999814987183
CAD70342.1,Cytoplasm,,Soluble,0.7542999982833862,0.3147999942302704,0.093199998,0.091399997,0.10019999742507935,0.0061,0.1298999935388565,0.40149998664855957,0.20909999310970306,0.14560000598430634,0.3336000144481659,0.094899997,0.065300003,0.8367999792098999
SRR22234379_583440_M6,Cytoplasm,Nuclear localization signal,Soluble,0.5034999847412109,0.31839999556541443,0.5655999779701233,0.22130000591278076,0.1136000007390976,0.010300000198185444,0.2533999979496002,0.24950000643730164,0.24120000004768372,0.0041,0.4763999879360199,0.044799998,0.30970001220703125,0.8187000155448914
SRR22234379_583440_M7,Cytoplasm,Nuclear localization signal,Soluble,0.4334000051021576,0.3702000081539154,0.5532000064849854,0.1906999945640564,0.10300000011920929,0.013199999928474426,0.24809999763965607,0.2865000069141388,0.226500005,0.0039,0.48190000653266907,0.052700002,0.2883000075817108,0.8059999942779541
SRR22234379_583440_M8,Cytoplasm,Nuclear localization signal,Soluble,0.43790000677108765,0.2806999981403351,0.574400008,0.21870000660419464,0.10499999672174454,0.020400000736117363,0.20180000364780426,0.2150000035762787,0.18310000002384186,0.0049,0.47870001196861267,0.0504,0.2705000042915344,0.809499979
ACC952081_M1,Cytoplasm|Extracellular,Nuclear localization signal,Soluble,0.5616999864578247,0.3456999957561493,0.6890000104904175,0.1882999986410141,0.092,0.0036,0.16249999403953552,0.3986999988555908,0.1500999927520752,0.0023,0.3537999987602234,0.039700001,0.3021000027656555,0.8342000246047974
E8U721_M1,Cytoplasm|Extracellular,,Soluble,0.4959000051021576,0.19189999997615814,0.9017999768257141,0.19140000641345978,0.11500000208616257,0.13359999656677246,0.14800000190734863,0.20720000565052032,0.19329999387264252,0.0458,0.3977999985218048,0.0436,0.4106000065803528,0.7531999945640564
ERR2241851_78442,Extracellular,Signal peptide,Soluble,0.18209999799728394,0.15790000557899475,0.8650000095367432,0.044199999421834946,0.2703000009059906,0.063199997,0.14630000293254852,0.2232999950647354,0.1404999941587448,0.0037,0.40450000762939453,0.052400000393390656,0.31679999828338623,0.8019000291824341
ERR3943994_542949,Cytoplasm,,Soluble,0.730400026,0.2296999990940094,0.49570000171661377,0.26759999990463257,0.093900003,0.080300003,0.25529998540878296,0.097099997,0.1500999927520752,0.033500001,0.33880001306533813,0.089699998,0.21960000693798065,0.7818999886512756
Q12559.2,Cytoplasm,,Soluble,0.7213000059127808,0.3068000078201294,0.13539999723434448,0.12380000203847885,0.16410000622272491,0.018699999898672104,0.21140000224113464,0.19189999997615814,0.10930000245571136,0.13750000298023224,0.30160000920295715,0.0876,0.067599997,0.850600004
KAL20180891_M1,Extracellular,Signal peptide,Soluble,0.2791999876499176,0.094400004,0.9736999869346619,0.071800001,0.1527000069618225,0.029600000008940697,0.1168999969959259,0.044500001,0.0427,0.0298,0.3158000111579895,0.031800002,0.22010000050067902,0.8841999769210815
SUD163641_M1,Cytoplasm|Extracellular,Nuclear localization signal,Soluble,0.6111999750137329,0.3366999924182892,0.7724999785423279,0.20440000295639038,0.064499997,0.012500000186264515,0.25769999623298645,0.35769999,0.164900005,0.0034,0.36629998683929443,0.045400001,0.34389999508857727,0.8235999941825867
WP_1118819321_M1,Extracellular,,Soluble,0.19200000166893005,0.3305000066757202,0.5958999991416931,0.14219999313354492,0.10939999669790268,0.016100000590085983,0.071599998,0.2363000065088272,0.061500001698732376,0.012500000186264515,0.36419999599456787,0.036699999,0.5842999815940857,0.8140000104904175
WP_1492599821_M1,Cytoplasm|Extracellular,,Soluble,0.4772000014781952,0.25209999084472656,0.8539999723434448,0.16009999811649323,0.16910000145435333,0.2320999950170517,0.10509999841451645,0.048500001430511475,0.044599998742341995,0.0097,0.33160001039505005,0.043000001,0.427700013,0.7768999934196472
XDS727851_M1,Cytoplasm|Extracellular,,Soluble,0.47909998893737793,0.37700000405311584,0.794700027,0.181099996,0.083800003,0.034299999475479126,0.28700000047683716,0.4675999879837036,0.25999999046325684,0.005,0.42820000648498535,0.053100001,0.2752000093460083,0.7893999814987183
P52956,Extracellular,Signal peptide,Soluble,0.11089999973773956,0.0385,0.9771999716758728,0.041200000792741776,0.083999999,0.010499999858438969,0.062700003,0.10559999942779541,0.040399998,0.0019,0.3294000029563904,0.035100001841783524,0.13009999692440033,0.8801000118255615
A0A0P0ZE81,Extracellular,Signal peptide,Soluble,0.11169999837875366,0.028200000524520874,0.972599983,0.039799999445676804,0.060600001364946365,0.0083,0.079300001,0.057,0.047600001096725464,0.0007,0.38940000534057617,0.027499999850988388,0.1850000023841858,0.8968999981880188
AB739034.1,Extracellular,Signal peptide,Soluble,0.12309999763965607,0.037999999,0.972100019,0.029899999499320984,0.0942,0.0108,0.060499999672174454,0.068000004,0.034899998,0.0004,0.36640000343322754,0.035100001841783524,0.21080000698566437,0.880299985
BAB86909.1,Extracellular,Signal peptide,Soluble,0.18250000476837158,0.12919999659061432,0.8295999765396118,0.051399998,0.2694999873638153,0.048999999,0.053700000047683716,0.12999999523162842,0.068999998,0.008,0.3871000111103058,0.062100001,0.2549000084400177,0.7998999953269958
AR241010_106,Extracellular,Signal peptide,Soluble,0.13760000467300415,0.11169999837875366,0.7599999904632568,0.089000002,0.12049999833106995,0.032200001,0.065899998,0.18070000410079956,0.077500001,0.012299999594688416,0.44909998774528503,0.046599999,0.32170000672340393,0.7955999970436096
P20261.3,Extracellular,Signal peptide,Soluble,0.23399999737739563,0.054499998688697815,0.8704000115394592,0.0823,0.0669,0.028899999,0.37299999594688416,0.3000999987125397,0.14579999446868896,0.0023,0.2913999855518341,0.11320000141859055,0.2092999964952469,0.8337000012397766
A0A2I2K6T5,Cytoplasm,Peroxisomal targeting signal,Soluble,0.866599977,0.3467000126838684,0.24609999358654022,0.066699997,0.24480000138282776,0.017200001,0.087800004,0.22220000624656677,0.11599999666213989,0.4320000112056732,0.25600001215934753,0.0704,0.41110000014305115,0.8754000067710876
MBQ0729274.1,Extracellular,Signal peptide,Soluble,0.16599999368190765,0.13490000367164612,0.8589000105857849,0.075999998,0.3012000024318695,0.044799998,0.12870000302791595,0.15449999272823334,0.1518000066280365,0.0032,0.3675999939441681,0.036899999,0.412200004,0.8414000272750854
ERR5947503_322,Extracellular,Signal peptide,Soluble,0.1639000028371811,0.12600000202655792,0.9003999829292297,0.11490000039339066,0.13079999387264252,0.0155,0.13910000026226044,0.38280001282691956,0.14990000426769257,0.0031,0.41100001335144043,0.076800004,0.35010001063346863,0.7656999826431274
P202613_M1,Cytoplasm|Extracellular,,Soluble,0.6173999905586243,0.25519999861717224,0.7164000272750854,0.19930000603199005,0.098700002,0.086800002,0.4090999960899353,0.1565999984741211,0.1265999972820282,0.023900000378489494,0.28619998693466187,0.10689999908208847,0.20260000228881836,0.8406000137329102
Q6A0I4_M1,Extracellular,,Soluble,0.4542999863624573,0.2797999978065491,0.7296000123023987,0.3012000024318695,0.12839999794960022,0.050200000405311584,0.4602000117301941,0.4952000081539154,0.21250000596046448,0.021400000900030136,0.4828999936580658,0.064599998,0.34940001368522644,0.7264000177383423
A0A0P0ZE81_M1,Extracellular,Signal peptide,Soluble,0.1808999925851822,0.10719999670982361,0.9631999731063843,0.048799999,0.067199998,0.024000000208616257,0.089500003,0.030099999,0.035700001,0.016300000250339508,0.36419999599456787,0.024499999,0.2565999925136566,0.8968999981880188
A4UZ13_M1,Cytoplasm,Nuclear localization signal,Peripheral|Soluble,0.47769999504089355,0.42579999566078186,0.4993000030517578,0.2888999879360199,0.3467999994754791,0.1120000034570694,0.2689000070095062,0.5479999780654907,0.576699972,0.0039,0.6983000040054321,0.17829999327659607,0.1979999989271164,0.6574000120162964
ERR6465722_199879,Extracellular,Signal peptide,Soluble,0.13130000233650208,0.10429999977350235,0.9264000058174133,0.22089999914169312,0.079000004,0.014600000344216824,0.17409999668598175,0.47110000252723694,0.21449999511241913,0.0029,0.4453999996185303,0.095299996,0.24469999969005585,0.7419999837875366
AB7390341_M1,Cytoplasm,Nuclear localization signal,Soluble,0.5067999958992004,0.22110000252723694,0.5964000225067139,0.28299999237060547,0.14880000054836273,0.017999999225139618,0.14910000562667847,0.20270000398159027,0.1664000004529953,0.011300000362098217,0.3970000147819519,0.049300000071525574,0.25940001010894775,0.8565999865531921
B0FLR6_M1,Extracellular,Signal peptide,Soluble,0.3474999964237213,0.1542000025510788,0.9031000137329102,0.066500001,0.23690000176429749,0.057300001,0.096600004,0.038600001484155655,0.061099999,0.0065,0.40549999475479126,0.030999999,0.10369999706745148,0.8880000114440918
P52956_M1,Extracellular,,Soluble,0.43779999017715454,0.21289999783039093,0.843500018,0.30709999799728394,0.21250000596046448,0.053300000727176666,0.4090000092983246,0.25360000133514404,0.13809999823570251,0.020899999886751175,0.35510000586509705,0.037500001,0.21860000491142273,0.8406999707221985
WAT797961_M1,Nucleus,Nuclear localization signal,Soluble,0.4641999900341034,0.6187000274658203,0.4092000126838684,0.3237000107765198,0.29519999,0.0232,0.24549999833106995,0.16279999911785126,0.089400001,0.0572,0.47699999809265137,0.0634,0.3052999973297119,0.8276000022888184
B2NHN2_M1,Nucleus,Nuclear localization signal,Soluble,0.3707999885082245,0.5351999998092651,0.3580000102519989,0.179299995,0.11640000343322754,0.059599999,0.25369998812675476,0.5152000188827515,0.2824999988079071,0.023700001,0.3910999894142151,0.067199998,0.2313999980688095,0.808899999
ERR7127473_220403,Extracellular,Signal peptide,Soluble,0.41119998693466187,0.25029999017715454,0.9122999906539917,0.27149999141693115,0.10289999842643738,0.035399999,0.14100000262260437,0.2054000049829483,0.10090000182390213,0.0068,0.41119998693466187,0.043000001,0.44760000705718994,0.8050000071525574
ERR7163074_457660,Extracellular,Signal peptide,Soluble,0.16740000247955322,0.19290000200271606,0.906000018,0.077200003,0.2937999963760376,0.084299996,0.11509999632835388,0.32989999651908875,0.20440000295639038,0.0058,0.23960000276565552,0.043000001,0.2782999873161316,0.8682000041007996
